Name,Type,Cuisine,Address,District,Rating,Average
Kim_Huong_-_Lo_Banh_Mi,Restaurant,Vietnamese,"12B_(So_Cu_C1/6)_Pham_Hung,_Xa_Binh_Hung",Binh_Chanh,4.5,18500
Quan_An_Gia_Dinh,Bistro,Vietnamese,168_Duong_So_1,Binh_Chanh,3.95,101000
Xoi_Chien_-_Com_Chay_-_Banh_Trang_Cuon,Restaurant,Vietnamese,C4/13_Pham_Hung,Binh_Chanh,3.4,6500
Com_Chien_Bao_Chau,Restaurant,Vietnamese,"C17/32A_Dinh_Duc_Thien,_Ap_3,_X._Binh_Chanh",Binh_Chanh,4.4,19000
Banh_Canh_Ca_Loc_Bot_Gao_Rino,Bistro,Vietnamese,"154_Duong_So_10_Khu_Dan_Cu,_Xa_Phong_Phu",Binh_Chanh,3.35,36000
Quan_Nuong_Sa_Lu,Bistro,Vietnamese,"103_Duong_So_8,_KDC_Trung_Son",Binh_Chanh,4.4,27500
Bo_Bit_Tet_99_-_Duong_So_1,Bistro,Vietnamese,"33_Duong_So_1,_Ap_2,_Khu_Dan_Cu_Binh_Hung,_X._Binh_Hung",Binh_Chanh,4.85,102500
Nemo_-_An_Vat_Ca_Vien_Chien,Restaurant,Vietnamese,"Quoc_Lo_50,_X._Binh_Hung",Binh_Chanh,3.7,10000
Com_Lam_&_Ga_Met_-_Nguyen_Van_Linh,Bistro,Vietnamese,"C10/4_Nguyen_Van_Linh,_Xa_Binh_Hung",Binh_Chanh,3.35,102500
Tap_Tap_-_Lau_Ca_Vien_&_Xien_Que,Restaurant,Vietnamese,"C10/6_Pham_Hung,_Ap_5,_Xa_Binh_Hung",Binh_Chanh,4.75,15000
IMF_Milk_Tea,Restaurant,Vietnamese,"B11/1_Ap_2,_Quoc_Lo_1A",Binh_Chanh,3.35,127500
King_-_Xoi_Chien_-_Duong_So_9A,Restaurant,Vietnamese,"44_-_46_Duong_So_9A,_Xa_Binh_Hung",Binh_Chanh,3,6000
Co_Nga_-_Pha_Lau_Bo,Restaurant,Vietnamese,"C7/7_Pham_Hung,_Xa_Binh_Hung",Binh_Chanh,3.9,15000
Banh_Bao_Tho_Phat_-_Pham_Hung,Bistro,Vietnamese,C5/18_Pham_Hung,Binh_Chanh,4.25,11500
Tra_Sua_Nha_Lam_Ok,Cafe,Vietnamese,"A3/7E_Nguyen_Cuu_Phu,_Xa_Tan_Kien",Binh_Chanh,4.55,15000
"An_Vat_Be_Bong_-_Kho_Ga,_Hat_Dieu_&_Banh_Dai_Loan_-_Binh_Chanh",Restaurant,Vietnamese,"72_Duong_So_13,_KDC_Duong_Hong,_Xa_Binh_Hung",Binh_Chanh,2.9,127500
Bap_Xao_&_Hot_Ga_Nuong_-_Bung_Binh_Trung_Son,Restaurant,Vietnamese,Duong_So_9A,Binh_Chanh,3.3,17500
An_Vat_H2_-_Tan_Liem,Restaurant,Vietnamese,"C5/147B_Ap3_Tan_Liem,_Xa_Phong_Phu",Binh_Chanh,3.15,17500
Ga_Ta_Hoi_An_-_Quoc_Lo_50,Bistro,Vietnamese,"A3/21_Quoc_Lo_50,_Xa_Binh_Hung",Binh_Chanh,3.15,127500
Kem_Ky_Hai_Dang,Cafe,Vietnamese,"A19/8_Quoc_Lo_50,_Xa_Binh_Hung",Binh_Chanh,4.55,18000
Banh_Xeo_Mien_Trung,Restaurant,Vietnamese,"C4/9P_Pham_Hung,_Xa_Binh_Hung",Binh_Chanh,3.4,8000
Ga_Bo_Xoi_Vien,Restaurant,Vietnamese,"C4/34_Pham_Hung,_Xa_Binh_Hung",Binh_Chanh,3.5,6000
"Ca_Phe,_Tra_Sua,_Sinh_To_&_Rau_Ma_-_Duong_So_10",Cafe,Vietnamese,"33_Duong_So_10,_Khu_Dan_Cu_Ap_5,_Xa_Phong_Phu",Binh_Chanh,3.8,18000
Banh_Xe_Tut_Tut,Restaurant,Malaysian,"C19/7_Ap_4B,_X._Binh_Hung",Binh_Chanh,3.1,16000
Phuc_Loc_Tho_Cafe,Cafe,Vietnamese,"3_Duong_So_22,_Xa_Binh_Hung",Binh_Chanh,4.15,11000
"Hot_Vit_Lon_,_Trung_Vua_&_Trung_Cut_Lon",Restaurant,Vietnamese,"Hem_C4_Pham_Hung,_Xa_Binh_Hung",Binh_Chanh,3.65,9500
Mi_Cay_Nasin_-_Bui_Thanh_Khiet,Bistro,Vietnamese,"C1/5B_Bui_Thanh_Khiet,_TT._Tan_Tuc",Binh_Chanh,3.5,24500
Tra_Sua_Ha,Restaurant,Vietnamese,"D11/302_Trinh_Quang_Nghi,_Xa_Phong_Phu",Binh_Chanh,3.9,13500
Tra_Sua_Co_Thao,Restaurant,Vietnamese,B6/199B_Ap_2,Binh_Chanh,4.25,11000
Nha_Nuong_BBQ,Bistro,Vietnamese,"A13/15B_Thien_Giang,_Xa_Tan_Tuc",Binh_Chanh,3.95,93000
Chu_Trung_-_Banh_Hot_Dog,Restaurant,Vietnamese,C5/14_Pham_Hung,Binh_Chanh,3.15,7000
Mai_Coffee_-_Quoc_Lo_1A,Cafe,Vietnamese,"D7/6A_Quoc_Lo_1A,_TT._Tan_Tuc",Binh_Chanh,4.1,11500
Tra_Quan_-_Huong_Lo_80,Cafe,Vietnamese,"D5/1_Huong_Lo_80,_Xa_Vinh_Loc_A",Binh_Chanh,4.4,11500
An_-_Goi_Cuon_&_Bun_Mam_Nem_-_Pham_Hung,Bistro,Vietnamese,"C5/10/6_Pham_Hung,_X._Binh_Hung",Binh_Chanh,3.4,24000
Che_Buoi_Tuong_Vy,Restaurant,Vietnamese,B17/19_Ap_2_Xa_Vinh_Loc_B,Binh_Chanh,4,14000
Che_Chen_Trung_Hoa_-_Vinh_Loc,Restaurant,Vietnamese,2110_Vinh_Loc,Binh_Chanh,4.1,10000
Hu_Tieu_&_Giai_Khat_-_Tran_Dai_Nghia,Bistro,Vietnamese,B6/1_Tran_Dai_Nghia,Binh_Chanh,3.8,11500
Chan_&_Me_Ga_Nuong_Thu_-_Duong_So_2B,Restaurant,Vietnamese,Cau_Kenh_Xang,Binh_Chanh,3.2,10500
Com_Nieu_Sai_Gon_Xua,Bistro,Vietnamese,"Lo_11B_KDC_Happy_City,_Nguyen_Van_Linh,_Xa_Binh_Hung",Binh_Chanh,3.45,27000
Thanh_Nghiep_Bakery_-_Quoc_Lo_50,Bakery,Vietnamese,"A19/12_Quoc_Lo_50,_Xa_Binh_Hung",Binh_Chanh,3.15,204500
Hiktea_-_Duong_So_10,Cafe,Taiwanese,"38_Duong_So_10,_Xa_Binh_Hung",Binh_Chanh,3.95,25000
ABC_Bakery_-_Binh_Chanh,Bakery,Asian,"A_27/9_Quoc_Lo_50,_P._Binh_Hung",Binh_Chanh,3.9,32500
Xom_Tra_Sua,Cafe,Vietnamese,"D7/49_Trinh_Nhu_Khue,_Xa_Binh_Chanh",Binh_Chanh,4.05,20000
Cop_Cafe,Cafe,Vietnamese,E11/9_Thoi_Hoa,Binh_Chanh,3.25,12500
Cau_Ca_Giai_Tri_Lang_Ta_-_Duong_So_11,Bistro,Vietnamese,1A_Duong_So_11,Binh_Chanh,4.1,80000
Bo_La_Lot_Mo_Chai_-_Trung_Son,Restaurant,Vietnamese,"Duong_So_4,_Xa_Binh_Hung",Binh_Chanh,3.25,20000
Food_Studio_-_Centre_Mall_Pham_Hung,Bistro,Japanese,"Lau_3_Centre_Mall,_C6/27_Pham_Hung",Binh_Chanh,3.25,10000
Tri_An_Bakery_&_Milktea,Bakery,Vietnamese,"1/27_Dinh_Duc_Thien,_Ap_4,_X._Tan_Quy_Tay",Binh_Chanh,3.35,195000
Banh_Canh_Phan_Thiet_-_Duong_So_4,Bistro,Vietnamese,Duong_So_4,Binh_Chanh,3.6,30000
Peppa_Food_-_Giao_Com_Van_Phong,Bistro,Vietnamese,"Chung_Cu_The_Easter_City,_6B_Pham_Hung,_Xa_Binh_Hung",Binh_Chanh,4.5,15000
Kem_Xoi_Dua_Bu_Bu_-_Pham_Hung,Cafe,Vietnamese,"C4/36_Pham_Hung,_Xa_Binh_Hung",Binh_Chanh,4.3,15000
Cafe_Nguyen_Chat_10k,Cafe,Vietnamese,22_Duong_So_5,Binh_Chanh,3.6,15000
The_Chapel_Coffee_-_Duong_So_1,Cafe,Vietnamese,136_Duong_So_1,Binh_Chanh,4.2,30000
Quan_An_Leo's_House,Bistro,Vietnamese,C1/31G_Pham_Hung,Binh_Chanh,4.05,30000
Banh_Cuon_Ngon_-_Duong_So_5,Restaurant,Vietnamese,81_Duong_So_5,Binh_Chanh,3.55,15000
Co_Mai_-_Banh_Khot_&_Banh_Mi_Hap,Bistro,Vietnamese,"A18/19_Quoc_Lo_50,_Xa_Binh_Hung",Binh_Chanh,4.8,20000
Ly_Lan_-_Quan_An_&_Cafe,Cafe,Vietnamese,"B9_Khu_Dan_Cu_Hanh_Phuc,_Nguyen_Van_Linh",Binh_Chanh,4.5,15000
Tra_Sua_12K_-_Pham_Hung,Cafe,Vietnamese,Hem_C7/21C_Pham_Hung,Binh_Chanh,3.4,20000
Ngon_Ngon_-_Banh_Mi_&_Banh_Uot,Restaurant,Vietnamese,"D13/12A_Duong_Dinh_Cuc,_Xa_Tan_Kien",Binh_Chanh,4.45,15000
Quan_Yen_-_Bun_Rieu_&_Bun_Bo_-_Pham_Hung,Bistro,Vietnamese,"Hem_51_(C5)_Pham_Hung,_X._Binh_Hung",Binh_Chanh,3.4,20000
Lotteria_-_Vinh_Loc,Restaurant,Korean,D19/16C_Vinh_Loc_B,Binh_Chanh,3.8,255000
Chao_Long_Mat_&_Ca_-_Pham_Hung,Restaurant,Vietnamese,"C9/2_Pham_Hung,_P._Binh_Hung",Binh_Chanh,3.4,35000
"Mr_Thinh_-_Khoai_Lac,_Chuoi_Lac_&_Sake_Lac",Restaurant,Vietnamese,"C9/4A1_Pham_Hung,_Xa_Binh_Hung",Binh_Chanh,4,17500
Mut_Dua_Ngoc_Giau,Restaurant,Vietnamese,Duong_So_9A,Binh_Chanh,3.4,20000
Com_Ga_Xoi_Mo_Frenzy_-_Vinh_Loc_A,Bistro,Vietnamese,"F8/38_Ap_6,_P._Vinh_Loc_A",Binh_Chanh,3.7,20000
Tea_&_Time_-_Tra_Sua,Cafe,Vietnamese,"Thoi_Hoa,_Xa_Vinh_Loc_A",Binh_Chanh,4.6,14000
San_San_-_Chao_Ech_Singapore,Bistro,Singapore,"D19/23/12A_Vinh_Loc,_Ap_4A,_P._Vinh_Loc_B",Binh_Chanh,5,35000
LoveGarden_Cafe,Cafe,Vietnamese,"Duong_So_6B_,_Vinh_Loc_B",Binh_Chanh,3,20000
Sinh_To_Trung_Son,Cafe,Vietnamese,"16C_Duong_So_8,_Xa_Binh_Hung",Binh_Chanh,3.4,22500
Trai_Cay_To_-_Pham_Hung,Restaurant,Vietnamese,"C6/27A_Pham_Hung,_X._Binh_Hung",Binh_Chanh,3.1,12500
Co_Tuyet_-_Sinh_To_&_Ca_Cao_Dua,Cafe,Vietnamese,31_Duong_So_9,Binh_Chanh,3.65,20000
An_Vat_Ty_Pun_-_Banh_Trang_Ha_Cao_&_Mi_Tron_-_Quoc_Lo_50,Restaurant,Vietnamese,"A29/37C_Quoc_Lo_50,_Xa_Binh_Hung_(Hem_A27/7_PNJ)",Binh_Chanh,3.3,50000
Banh_Mi_Ha_Noi_-_Pham_Hung,Bakery,Vietnamese,C4/14D2_Pham_Hung,Binh_Chanh,3.8,12500
Hoa_Bay_-_Tra_Sua_&_My_Cay,Bistro,Vietnamese,"10/9C_Doan_Nguyen_Tuan,_Xa_Tan_Quy_Tay",Binh_Chanh,4.3,25000
Quan_An_So_1_-_Trung_Son,Bistro,Vietnamese,"68_KDC_Trung_Son,_Duong_So_9",Binh_Chanh,3.7,17500
Banh_Mi_Truong_An,Bakery,Vietnamese,"A12/36_Quoc_Lo_50,_Xa_Phong_Phu",Binh_Chanh,3.4,12500
Song_Huy_-_CLB_Cafe_Chim_Canh,Cafe,Vietnamese,"2_Duong_So_1C,_P._Binh_Hung",Binh_Chanh,4.15,29500
Hu_Tieu_Binh_Dan_-_Tran_Dai_Nghia,Bistro,Vietnamese,B19/402_Tran_Dai_Nghia,Binh_Chanh,3.65,12500
Cool_-_Sinh_To_&_Cafe,Cafe,Vietnamese,C8/4B1_Pham_Hung,Binh_Chanh,4.65,17500
Banh_Ngot_-_Pham_Hung,Restaurant,Vietnamese,"C5/10BA9_Pham_Hung,_Xa_Binh_Hung",Binh_Chanh,3.6,20000
Tan_An_-_Lo_Banh_Mi_Dac_Ruot,Bakery,Vietnamese,"A11/4_Quoc_Lo_50,_Xa_Binh_Hung",Binh_Chanh,3.5,135000
Khang_-_Tra_Sua_Dai_Loan_&_Bap_Rim_Kho_Bo,Restaurant,Vietnamese,"F7/20A_Duong_So_6B,_Xa_Vinh_Loc_B",Binh_Chanh,3.65,15000
Bo_La_Lot_Xuan_Cuong,Bistro,Vietnamese,"D5/35_Quoc_Lo_50,_Xa_Phong_Phu",Binh_Chanh,3.5,20000
Subi_-_Nuoc_Cot_Bi_Dao_-_Quoc_Lo_50,Restaurant,Vietnamese,"A11/2_Quoc_Lo_50,_Xa_Binh_Hung",Binh_Chanh,4.4,15000
Tra_Sua_&_Sinh_To,Restaurant,Vietnamese,"C3/19A_Pham_Hung,_Xa_Binh_Hung",Binh_Chanh,3.4,15000
Chao_Long_Chanh_Ot,Restaurant,Vietnamese,"C5/13_Pham_Hung,_P._Binh_Hung",Binh_Chanh,4.7,20000
Hu_Tieu_-_Duong_So_1,Bistro,Vietnamese,"Duong_So_1,_Xa_Binh_Hung",Binh_Chanh,3.5,12500
Tyrex_Coffee,Cafe,Vietnamese,"100_-_102_Duong_So_9A,_KDC_Trung_Son,_Xa_Binh_Hung",Binh_Chanh,3.35,22500
Hien_Ky_Mi_Gia,Bistro,Chinese,"245_Duong_So_9A,_KDC_Trung_Son,_Xa_Binh_Hung",Binh_Chanh,3.35,37500
Nuoc_Thao_Moc_Nhu_Y,Restaurant,Vietnamese,"C19_Duong_So_9,_Xa_Binh_Hung",Binh_Chanh,4.9,17500
Cafe_Lam_Son,Cafe,Vietnamese,"B5/121_Quoc_Lo_50,_Xa_Phong_Phu",Binh_Chanh,4.2,37500
Thanh_Huy_2_-_Tra_Sua_&_Sinh_To,Cafe,Vietnamese,B12/5_Tran_Dai_Nghia,Binh_Chanh,3.9,15000
Phuong_Nam_Cafe_-_Tran_Dai_Nghia,Cafe,Vietnamese,16B6F_Tran_Dai_Nghia,Binh_Chanh,3.9,12500
"Bun_Rieu_Cua,_Hu_Tieu_&_Canh_Bun",Bistro,Vietnamese,"Hem_51_Pham_Hung,_P._Binh_Hung",Binh_Chanh,3.9,20000
Coffee_77,Cafe,Vietnamese,"318_Cao_Lo,_P._4",Binh_Chanh,3.9,11000
Ga_Ran_Momo,Restaurant,Vietnamese,D9/5_Duong_Dinh_Cuc,Binh_Chanh,3.2,59500
Simon_-_Coffee_&_Milk_Tea,Cafe,Vietnamese,313A7/12_Ap_1,Binh_Chanh,3.2,20000
Light_Coffee_-_Ca_Phe_Da_Tinh_Khiet_-_Duong_So_6,Cafe,Vietnamese,"21_Duong_So_6,_KDC_Greenlife_13C,_Xa_Phong_Phu",Binh_Chanh,4.1,20000
Phuong_Dong_Coffee,Cafe,Vietnamese,"Quoc_Lo_50,_Xa_Phong_Phu",Binh_Chanh,3.8,20000
Banh_Trang_Ba_So,Restaurant,Vietnamese,"F8/34_Ap_6,_Vinh_Loc,_Xa_Vinh_Loc_A",Binh_Chanh,3.8,15000
Saka_-_Tra_Sua_&_Mi_Cay,Bistro,Vietnamese,"C1/3L_Bui_Thanh_Khiet,_TT._Tan_Tuc",Binh_Chanh,3.8,27500
Quan_Chay_Tinh_Tam_Sen_-_Binh_Chanh,Restaurant,Vietnamese,"A26/8_Quoc_Lo_50,_P._Binh_Hung",Binh_Chanh,3.8,85000
Quan_Hu_Tieu_Anh_Cuong,Bistro,Vietnamese,"E10/3_Dinh_Van_Uoc,_Xa_Hung_Long",Binh_Chanh,3.45,20000
ChaCha_Tea_&_Food,Cafe,Vietnamese,"Cho_Phong_Phu,_Quoc_Lo_50",Binh_Chanh,3.45,30000
Che_Thanh_Thao,Restaurant,Vietnamese,"B4/34B_Vo_Van_Van,_Ap_Vinh_Loc_B",Binh_Chanh,3.45,15000
Bun_Dau_A_Boo,Bistro,Vietnamese,"75_Duong_So_5,_KDC_Trung_Son,_Xa_Binh_Hung",Binh_Chanh,3.45,45000
Banh_Mi_Ngoc_Thu,Restaurant,Vietnamese,1542_Tran_Dai_Nghia,Binh_Chanh,4.25,15000
"Minh_229_-_Lau_Bo,_Lau_Hai_San_&_Cac_Mon_Nhau_Binh_Dan",Bistro,Vietnamese,"227_Duong_So_9A,_Xa_Binh_Hung",Binh_Chanh,4.25,102500
Quan_Ngoc_-_Tra_Sua_&_An_Vat,Cafe,Vietnamese,"44_Pham_Hung,_Xa_Binh_Hung",Binh_Chanh,4.25,12500
Banh_Trang_Kim_Ngan_-_Shop_Online,Restaurant,Vietnamese,"C11/37A4_Pham_Hung,_X._Binh_Hung",Binh_Chanh,4.25,30000
Mi_Cay_Te_Lua_-_Tran_Van_Giau,Bistro,Vietnamese,2A3_Tran_Van_Giau,Binh_Chanh,3.3,30000
Quan_Dung_-_Chan_Ga_&_Bach_Tuoc_Nuong,Restaurant,Vietnamese,27-29-31_Duong_So_9A,Binh_Chanh,3.3,17500
Napoli_Coffee_-_Duong_So_18,Cafe,Vietnamese,"26_Duong_So_18,_Khu_Dan_Cu_Him_Lam_6A",Binh_Chanh,3.3,25000
Banh_Trang_Co_Kieu,Restaurant,Vietnamese,"F7/29I_Huong_Lo_80,_Xa_Vinh_Loc_A",Binh_Chanh,3.95,15000
Che_Thai_Tuyet_Van,Cafe,Vietnamese,D6/6_Nguyen_Thi_Tu,Binh_Chanh,3.95,12500
Lucky_Tea_-_Tra_Sua_&_Sinh_To,Cafe,Vietnamese,"C4/20_Pham_Hung,_Ap_4,_Xa_Binh_Hung",Binh_Chanh,3.15,16000
Hao_Hao_-_Tra_Sua_&_Tra_Bi_Dao,Restaurant,Vietnamese,"C1/26_Pham_Hung,_Xa_Binh_Hung",Binh_Chanh,3.15,10000
Tra_Sua_Doraemon_-_Duong_Lien_Ap,Cafe,Vietnamese,"Duong_Lien_Ap_1-2-3,_Xa_Vinh_Loc_B",Binh_Chanh,3.15,22500
Mr.Rubi_To_-_Tra_Sua,Restaurant,Vietnamese,"C7/27B8_Pham_Hung,_Xa_Binh_Hung",Binh_Chanh,3.15,17500
Ntigi_Coffee_&_Flowers,Cafe,Vietnamese,"G8/26_Tran_Van_Giau,_Xa_Le_Minh_Xuan",Binh_Chanh,3.15,17999
Cafe_117,Cafe,Vietnamese,B3/2K8_Ap_2,Binh_Chanh,3.15,15000
"Bot_Chien,_Hu_Tieu_Xao_&_Mi_Xao",Restaurant,Vietnamese,"146_Pham_Hung,_P._Binh_Hung",Binh_Chanh,3.15,20000
Sinh_To_&_Nuoc_Ep_-_Quoc_Lo_50,Cafe,Vietnamese,A11/09D_Quoc_Lo_50,Binh_Chanh,3.15,12500
Trai_Cay_To_Suri,Restaurant,Vietnamese,"C7/7A1_Pham_Hung,_Xa_Binh_Hung",Binh_Chanh,3.6,16000
Freshway_-_Food_&_Drink,Cafe,Vietnamese,"157_-_159_Duong_9A,_Xa_Binh_Hung",Binh_Chanh,4.8,61000
Tra_Sua_Kim_-_Duong_So_1,Restaurant,Vietnamese,"171_Duong_So_1,_Xa_Binh_Hung",Binh_Chanh,4,24500
Loi_Xua_Cafe,Cafe,Vietnamese,"27_-_29_Duong_So__1B,_KDC_Trung_Son",Binh_Chanh,3.9,28500
Ngoc_Van_Cafe_San_Vuon,Cafe,Vietnamese,"B14/10C_Cay_Cam,_Ap_2,_Xa_Vinh_Loc_B",Binh_Chanh,4.6,15000
Canh_Bun_-_Hoang_Phan_Thai,Bistro,Vietnamese,Hoang_Phan_Thai,Binh_Chanh,3.25,14500
Napoli_Coffee_-_Pham_Hung,Cafe,Vietnamese,Sieu_Thi_Satra_Pham_Hung,Binh_Chanh,3.6,13500
Ahihi_-_Tra_Sua_&_An_Vat_-_Huynh_Van_Tri,Restaurant,Vietnamese,Huynh_Van_Tri,Binh_Chanh,3.9,31000
Banh_Mi_Hong_Lan,Restaurant,Vietnamese,"C1/18_Pham_Hung,_Xa_Binh_Hung",Binh_Chanh,3.65,16000
Chao_Dinh_Duong_Viet_Soup_-_QL_50,Bistro,Vietnamese,"A6/16_Quoc_Lo_50,_Binh_Hung",Binh_Chanh,4.5,21000
LiBiCha_-_Milk_Tea_&_Coffee,Cafe,Vietnamese,"F9/18A2_Huong_Lo_80,_Xa_Vinh_Loc_A",Binh_Chanh,3.65,23500
Banh_Mi_Trung_&_Cha_-_Duong_So_9A,Restaurant,Vietnamese,309_Duong_So_9A,Binh_Chanh,3.9,13500
Quan_An_Tam_Ky_-_Bui_Thanh_Khiet,Bistro,Vietnamese,"145_Bui_Thanh_Khiet,_TT._Tan_Tuc",Binh_Chanh,3.8,28500
Alo_Mi_Cay,Bistro,Vietnamese,"106_Duong_So_7,_KDC._Trung_Son",Binh_Chanh,3.9,33500
Hi_Tea_-_Tra_Sua_Delivery,Cafe,Vietnamese,"P8_-_16_Duong_So_4,_KDC_6B_Intresco",Binh_Chanh,3.9,21000
Bo_Ne_-_C1/52_Pham_Hung,Bistro,Vietnamese,C1/52_Pham_Hung,Binh_Chanh,4,19500
4_Mua_Cafe,Cafe,Vietnamese,"Duong_So_4,_P._Binh_Hung",Binh_Chanh,3.2,13500
Sang_Cafe,Cafe,Vietnamese,"253_Duong_So_9A,_KDC_Trung_Son,_Xa_Binh_Hung",Binh_Chanh,3.8,23500
Lucky_Cafe_-_Duong_So_10,Cafe,Vietnamese,"46_Duong_So_10,_KDC_Binh_Hung",Binh_Chanh,2.9,23500
Pappa_Roti_-_Satra_Pham_Hung,Restaurant,Malaysian,"C7/27B8_Pham_Hung,_Xa_Binh_Hung",Binh_Chanh,3.95,16000
Tra_Sua_Thai_Nha_Lam_-_Shop_Online,Restaurant,Thailand,"Hem_C3_Pham_Hung,_Xa_Binh_Hung",Binh_Chanh,3.15,13500
Hoi_An_Pho_Coffee,Cafe,Vietnamese,"D15/24H_Vo_Van_Van,_Ap_4,_X._Vinh_Loc_B",Binh_Chanh,3.15,13500
Lo_Banh_Mi_Hoang_Hao,Bakery,Vietnamese,"C10/3A_Pham_Hung,_Xa_Binh_Hung",Binh_Chanh,3.4,136500
Sanh_Ca_Phe,Cafe,Vietnamese,"62_Duong_So_9A,_Xa_Binh_Hung",Binh_Chanh,3.95,26500
Si_Gon_Cafe,Cafe,Vietnamese,"Duong_So_5,_Xa_Binh_Hung",Binh_Chanh,3.95,19000
Dat_Sai_Gon_Cafe_-_Duong_So_5,Cafe,Vietnamese,8_Duong_So_5,Binh_Chanh,3.9,19500
The_Feine_Cafe,Cafe,Vietnamese,"33_Duong_So_4,_KDC_Trung_Son,_Xa_Binh_Hung",Binh_Chanh,3.65,22500
1999_Steak_-_Nha_Hang_Beef_Steak,Bistro,Vietnamese,"28_Duong_So_7,_Xa_Binh_Hung",Binh_Chanh,4.5,107500
Quan_333_-_Com_Binh_Dan,Bistro,Vietnamese,"D20/28_Vo_Van_Van,_Ap_4,_Xa_Vinh_Loc_B",Binh_Chanh,3.25,17500
BOSS_Karaoke_&_Restaurant,Restaurant,Vietnamese,"Lau_3,_4_Toa_Nha_SISC,_27_-_29_-_31_Duong_So_9A,_KDC_Trung_Son,_Xa_Binh_Hung",Binh_Chanh,3.95,882500
Xien_Que_&_Lau_Nuong_-_KDC_Trung_Son,Bistro,Vietnamese,"Khu_Dan_Cu_Trung_Son,_Binh_Hung",Binh_Chanh,3.2,97500
Aqua_Tea_&_Coffee,Cafe,Vietnamese,"9A_Duong_So_2A,_Khu_Dan_Cu_Intresco",Binh_Chanh,3.6,17500
Lam_Lam_Mi_Gia,Bistro,Chinese,65_Duong_So_9A,Binh_Chanh,3.35,22500
No71_Food_Market_-_Thien_Duong_Am_Thuc_Chau_A,Bistro,Vietnamese,C3/6_Pham_Hung,Binh_Chanh,3.8,82500
Sua_Chua_-_Doc_Quyen_&_Deo_Min_-_Centre_Mall_Pham_Hung,Bakery,Asian,"Tang_3_Centre_Mall_Pham_Hung,_C6/27_Pham_Hung,_Xa_Binh_Hung",Binh_Chanh,4.25,25000
Canh_Dieu_Cafe,Cafe,Vietnamese,"C7/19_Ap_3,_Xa_Binh_Hung",Binh_Chanh,3.35,35000
Quan_Bia_Set_65_-_Lau_Cua_&_Cua_Hap,Bistro,Vietnamese,"65_Duong_So_9A,_KDC_Trung_Son",Binh_Chanh,3.05,55000
Gear_Up_Cafe,Cafe,Vietnamese,"66_Duong_So_9,_Khu_Dan_Cu_Trung_Son,_Xa_Binh_Hung",Binh_Chanh,4.65,27500
Lang_Nuong_Mien_Tay_-_Quoc_Lo_50,Restaurant,Vietnamese,"A11/13A_Quoc_Lo_50,_Xa_Binh_Hung",Binh_Chanh,4.4,182500
Khanh_Ly_-_Banh_Uot_&_Banh_Cuon,Bistro,Vietnamese,"C3/14_Pham_Hung,_Xa_Binh_Hung",Binh_Chanh,3.8,18500
Chao_Gan_Bo_5_Chi_Em,Bistro,Vietnamese,C5/10B_Binh_Hung,Binh_Chanh,3.7,17500
Xin_Chao_Cafe,Cafe,Vietnamese,"KP3,_Thi_Tran_Tan_Tuc",Binh_Chanh,3.75,22500
Quan_Oc_Cu_Bo,Bistro,Vietnamese,"A3/14_Vo_Van_Van,_Xa_Vinh_Loc_B",Binh_Chanh,4.7,22500
Phong_Van_-_Cafe_San_Vuon,Cafe,Vietnamese,Duong_Kenh_C,Binh_Chanh,3.35,17500
Com_Tam_&_Bun_Thit_Nuong_-_Quan_An_Binh_Dan,Bistro,Vietnamese,"Hem_C6_Pham_Hung,_Ap_4A",Binh_Chanh,3.8,17500
Cat_Tuong_Coffee_-_Duong_So_1A,Cafe,Vietnamese,"19_Duong_So_1A,_KDC_Greenlife_13C_Nguyen_Van_Linh,_Xa_Phong_Phu",Binh_Chanh,4.6,27500
Bo_To_Nam_Sanh_19_-_Quoc_Lo_50,Bistro,Vietnamese,"E4/111A_Quoc_Lo_50,_P._5",Binh_Chanh,3.65,107500
Rampot_-_The_Gioi_Am_Thuc_Ngon_Bo_Re,Bistro,Vietnamese,"Kiot_1_No71_FoodMarket,_C3/6_Pham_Hung",Binh_Chanh,3.35,157000
Fresh_Milk_-_Shop_Online,Restaurant,Vietnamese,"C3/1D3_Pham_Hung,_P._Binh_Hung",Binh_Chanh,4.1,15000
Que_Huong_-_Quan_Com,Bistro,Vietnamese,C6A/3F_Vo_Van_Van,Binh_Chanh,3.65,17500
Thai_Cafe,Cafe,Vietnamese,"94_Duong_So_1,_KDC_Trung_Son",Binh_Chanh,3.5,32500
Don_Vi_Toi_-_Cafe_Racer,Cafe,Vietnamese,G2/16_Tran_Van_Giau,Binh_Chanh,4.6,432500
Hong_Ha_Coffee_Shisha_-_Duong_10,Cafe,Vietnamese,"11_Duong_So_10,_Khu_Trung_Son",Binh_Chanh,4,57500
Banh_Cuon_Tay_Son_-_Shop_Online,Restaurant,Vietnamese,"Phan_Thi_Tu,_Xa_Vinh_Loc_A",Binh_Chanh,5,17500
Milano_Coffee_-_Huynh_Van_Tri,Cafe,Vietnamese,"D12/17_Huynh_Van_Tri,_Ap_4,_Xa_Binh_Chanh",Binh_Chanh,5,32500
Bun_Ca_Chau_Doc_Co_Hue,Bistro,Vietnamese,"C3/21A_Pham_Hung,_Xa_Binh_Hung",Binh_Chanh,3.6,15000
Delice,Restaurant,Vietnamese,"66_Duong_So_3_KDC_Trung_Son,_Xa_Binh_Hung_(Doi_Dien_Truong_Singapore_International)",Binh_Chanh,4.9,25000
Banh_Trang_Ong_Gia_-_Chanh_Hung,Restaurant,Vietnamese,C3/16_Chanh_Hung,Binh_Chanh,3.5,25000
Banh_Mi_Hong_Ngoc_-_Duong_So_4,Restaurant,Vietnamese,"39_Duong_So_4,_KDC_Trung_Son",Binh_Chanh,3.9,15000
Cut_Chien_Bo_-_Pham_Hung,Restaurant,Vietnamese,"C3/16_Pham_Hung,_Xa_Binh_Hung",Binh_Chanh,3.4,20000
Pho_Quynh,Bistro,Vietnamese,1_Tan_Tuc,Binh_Chanh,3.35,20000
Cafe_&_Sinh_To_Trai_Cay_-_Duong_So_8,Restaurant,Vietnamese,103_Duong_So_8,Binh_Chanh,3.35,17500
"Wings_-_Tra_Sua,_Xien_Que_&_An_Vat",Cafe,Vietnamese,E3/54_Tan_Long,Binh_Chanh,3.9,20000
Tra_Chanh_Zalo_Quan,Cafe,Vietnamese,"F1/13G_DH80,_Xa_Vinh_Loc_A",Binh_Chanh,3.9,17500
Buon_Ho_Coffee_-_Thi_Tran_Tan_Tuc,Cafe,Vietnamese,"Khu_Pho_3,_Cao_Toc_Trung_Luong,_Thi_Tran_Tan_Tuc",Binh_Chanh,3.9,20000
Golden_Coffee_-_Le_Dinh_Chi,Cafe,Vietnamese,"G9/42_Le_Dinh_Chi,_X._Le_Minh_Xuan",Binh_Chanh,3.9,25000
Monkey_Kid_-_Banh_Chuoi_Thai_&_Banh_Mi_Nuong_Indonesia,Restaurant,Thailand,Hem_C3_Pham_Hung,Binh_Chanh,3.9,18500
Quan_An_Hung_Xiu_-_Hu_Tiu_Xao_&_Com_Ga_Xoi_Mo,Bistro,Vietnamese,"A26/4_Quoc_Lo_50,_Xa_Binh_Hung",Binh_Chanh,4,37500
Com_Tam_Toan,Bistro,Vietnamese,"C7/27/32_Pham_Hung,_Xa_Binh_Hung",Binh_Chanh,4,17500
Lien_Hoa_-_Com_Chay,Restaurant,Vietnamese,"15/23_Vo_Van_Van,_Xa_Vinh_Loc_B",Binh_Chanh,3.2,17500
Tra_Sua_Sunco,Cafe,Vietnamese,"23_Duong_11,_KDC._Him_Lam,_P._Binh_Hung",Binh_Chanh,3.2,207500
Quan_An_187_-_Chao_Long,Bistro,Vietnamese,"1A187_Vinh_Loc,_Xa_Pham_Van_Hai",Binh_Chanh,3.2,22500
Tra_Sua_Pandan,Restaurant,Vietnamese,"C9/63_Vo_Van_Van,_Ap_3,_Xa_Vinh_Loc_B",Binh_Chanh,4.1,17500
Tra_Sua_OIC,Cafe,Vietnamese,"A2/30D_Lien_Ap_123,_Vinh_Loc_A",Binh_Chanh,3.8,20000
My_House_Coffee_-_Duong_So_15,Cafe,Vietnamese,"63_Duong_So_15,_Xa_Binh_Hung",Binh_Chanh,3.45,37500
Ali_Coffee,Cafe,Vietnamese,E2/40A_Thoi_Hoa,Binh_Chanh,3.45,25000
Banh_Dai_Loan_-_Chau_Nguyen_-_Shop_Online,Restaurant,Taiwanese,"E11/332A/2_Quoc_Lo_50,_Xa_Da_Phuoc",Binh_Chanh,4.25,22500
Chao_-_Coffee_&_Tea,Cafe,Vietnamese,"C10/76_Lai_Hung_Cuong,_Xa_Vinh_Loc_B",Binh_Chanh,4.25,27500
Viva_Star_Coffee_-_Pham_Hung,Cafe,Vietnamese,"C7/7A2_Pham_Hung,_Xa_Binh_Hung",Binh_Chanh,2.9,24000
Bao_Tran_Milk_Tea,Cafe,Vietnamese,"F6/5C_Lai_Hung_Cuong,_Xa_Vinh_Loc_B",Binh_Chanh,2.9,22500
"Smile_1+_-_Sinh_To,_Nuoc_Ep_&_An_Vat",Bistro,Vietnamese,"11/13A_Tan_Tuc,_Ap_3,_Xa_Tan_Quy_Tay",Binh_Chanh,2.9,17500
Chao_Suon_Dac_Biet_-_Nu_Dan_Cong,Bistro,Vietnamese,"C2/16_Nu_Dan_Cong,_X._Vinh_Loc_A",Binh_Chanh,3.95,32500
Chubby_House,Cafe,Vietnamese,"A3/14D_Vo_Van_Van,_Xa_Vinh_Loc_B",Binh_Chanh,3.95,32500
Com_Ga_Quach_Dieu,Bistro,Vietnamese,E1/43C_Thoi_Hoa,Binh_Chanh,3.95,22500
Moc_-_Com_Tam_&_Cafe,Cafe,Vietnamese,"49_Duong_So_8,_Xa_Binh_Hung",Binh_Chanh,3.95,40000
Le_Tran_Ca_Phe,Cafe,Vietnamese,"1139_Quoc_Lo_50,_Xa_Binh_Hung",Binh_Chanh,3.15,24000
Moc_Lan_Coffee_&_Tea,Cafe,Vietnamese,"D20/28A_Vo_Van_Van,_Ap_4,_Xa_Vinh_Loc_B",Binh_Chanh,3.15,25000
Minh_Phuc_-_Banh_Canh_Ca_Loc,Bistro,Vietnamese,E4/10A_Thoi_Hoa,Binh_Chanh,3.15,32500
Phuong_Hang_-_Hamburger,Restaurant,Vietnamese,"4_Duong_So_5A_,_KDC_Binh_Hung",Binh_Chanh,3.15,22500
Phuong_-_Sinh_To_&_Giai_Khat,Cafe,Vietnamese,"20_-_22_Duong_So_9A,_Xa_Binh_Hung",Binh_Chanh,3.15,20000
Tra_Sua_A_Hi_-_Xien_Que_&_My_Cay_-_Duong_So_6B,Restaurant,Vietnamese,"F7/16C_Ap_6_Duong_So_6B,_X._Vinh_Loc_B",Binh_Chanh,3.15,27500
Phuong_Hien_-_Banh_Mi_Thit_Nuong_-_Shop_Online,Restaurant,Vietnamese,"142_Duong_So_7,_KDC_Trung_Son,_Xa_Binh_Hung",Binh_Chanh,3.15,17500
Quan_Com_Hong_Thinh,Bistro,Vietnamese,"D20/4_Vo_Van_Van,_Ap_4,_X._Vinh_Loc_B",Binh_Chanh,3.25,18500
Goi_Be_&_Nem_Chao_-_Pham_Hung,Bistro,Vietnamese,"C1/5_Pham_Hung,_X._Binh_Hung",Binh_Chanh,3.7,133500
Trung_Nguyen_E-Coffee_-_30_Duong_So_5,Cafe,Vietnamese,"30_-_32_Duong_So_5,_Xa_Binh_Hung",Binh_Chanh,5,26000
The_Cups_Coffee_-_Vo_Van_Van,Cafe,Vietnamese,"B6/14_Vo_Van_Van,_Xa_Vinh_Loc_B",Binh_Chanh,4.1,21000
"Quan_999_-_Com_Tam,_Hu_Tieu_Nam_Vang_&_Lau_Xi_Quach",Bistro,Vietnamese,"C4/19_Pham_Hung,_Ap_4,_Xa_Binh_Hung",Binh_Chanh,3.8,43500
Thuan_Kieu_-_Com_Tam_Binh_Dan_-_Tran_Van_Giau,Bistro,Vietnamese,"1A69_Tran_Van_Giau,_X._Pham_Van_Hai",Binh_Chanh,4.1,26000
Inno_Kafe,Cafe,Vietnamese,"45_Duong_So_3,_KDC_Trung_Son",Binh_Chanh,3.9,29000
Quan_Com_Co_Tam,Bistro,Vietnamese,"C3/12_Pham_Hung,_Xa_Binh_Hung",Binh_Chanh,3.6,19000
Home_Coffee,Cafe,Vietnamese,"355_Pham_Hung,_P._Binh_Hung",Binh_Chanh,3.9,26500
Com_Tam_Ut_Lai,Bistro,Vietnamese,Duong_So_9,Binh_Chanh,3.45,21500
Joy_Coffee_Shop,Cafe,Vietnamese,"6_Duong_So_6,_Khu_Dan_Cu_Him_Lam",Binh_Chanh,3.95,26500
Quan_Com_Co_Hai,Bistro,Vietnamese,"D20_Vo_Van_Van,_Ap_4,_X._Vinh_Loc_B",Binh_Chanh,3.15,19000
The_Coffee_Shop_-_Nguyen_Van_Linh,Cafe,Vietnamese,"B01_-_02_Chung_Cu_Conic_Garden,_Nguyen_Van_Linh,_Xa_Phong_Phu",Binh_Chanh,4.9,27000
An_Food's_-_Trai_Cay_Sach_-_Vinh_Loc,Bistro,Vietnamese,"F1/31Y_Vinh_Loc,_Xa_Vinh_Loc_A",Binh_Chanh,3.35,109000
Rau_Ma_Flacota_-_Pham_Hung,Cafe,Vietnamese,"C7B/157/26_Pham_Hung,_P._Binh_Hung",Binh_Chanh,3.95,25000
De_Nhat_BBQ,Bistro,Vietnamese,"43-45_Duong_So_1A,_KDC_Trung_Son,_Binh_Hung",Binh_Chanh,3.35,50000
Bun_Mam_Co_Ba_-_Pham_Hung,Bistro,Vietnamese,"C1/24_Pham_Hung,_P._5",Binh_Chanh,3.5,30000
Com_Nieu_Trung_Son,Bistro,Vietnamese,"285_-_287_Duong_So_9A,_KDC_Trung_Son,_Xa_Binh_Hung",Binh_Chanh,3.65,40000
Hala_Coffee,Cafe,Vietnamese,"C7/19BA,_Duong_C7C,_Ap_4A,_X._Binh_Hung",Binh_Chanh,4.05,25000
Thuy_Duong_-_Nhau_Bo_Song_-_Ga_Nuong_Mam_Nhi,Bistro,Vietnamese,"1_Duong_So_1,_KDC_Trung_Son",Binh_Chanh,3.35,147500
Chi_Loan_-_Bun_Nuoc_Leo_Soc_Trang,Bistro,Vietnamese,"78_Duong_So_1,_KDC_Trung_Son,_Xa_Binh_Hung",Binh_Chanh,3.7,37500
Hong_Van_-_Chao_Ga_&_Vit,Bistro,Vietnamese,"C8/5_Vo_Van_Van,_Ap_3,_To_12,_Xa_Vinh_Loc_B",Binh_Chanh,3.25,35000
Su_Tu_Xoan_Cafe_-_Binh_Chanh,Cafe,Vietnamese,Gan_Nha_Tho_Binh_Chanh,Binh_Chanh,3.3,27500
Kapu_Milk_Tea,Cafe,Vietnamese,"97_Duong_So_9A,_Xa_Binh_Hung",Binh_Chanh,3.15,27500
MTP_Coffee_&_Lounge,Cafe,Vietnamese,146_Duong_So_1,Binh_Chanh,3.8,60000
Ca_Vien_Chien_Sinh_Vien,Restaurant,Vietnamese,"1069/8_Quoc_Lo_50,_Ap_3A,_Xa_Binh_Hung",Binh_Chanh,4.5,40000
Phoenix_Cafe_-_Centre_Mall,Cafe,Vietnamese,"Lau_3_Centre_Mall,_C6/27_Pham_Hung",Binh_Chanh,3.75,35000
Co_Lieu_-_Sinh_To_&_Che_Thai,Cafe,Vietnamese,"C3/12_Pham_Hung,_Xa_Binh_Hung",Binh_Chanh,3.6,25000
Banh_Gao_Cay_Tokbokki,Restaurant,Korean,"54/141_Pham_Hung,_Xa_Binh_Hung",Binh_Chanh,3.45,35000
Bep_Soi_Thuong_-_Ga_Tiem_Ot_Xiem_-_Shop_Online,Bistro,Vietnamese,"A23/2_Quoc_Lo_50,_X._Binh_Hung",Binh_Chanh,4.1,35000
Sai_Gon_Xua_Cafe_-_Duong_So_9A,Cafe,Vietnamese,120_Duong_So_9A,Binh_Chanh,3.95,25000
Cuc_Kia_-_Banh_U_Nguoi_Tieu,Restaurant,Chinese,"100_Duong_C4,_Xa_Binh_Hung",Binh_Chanh,4.3,25000
E-Coffee_Trung_Nguyen_Mizuki,Cafe,Vietnamese,"20_Duong_So_1,_KDC_Phi_Long_5,_X._Binh_Hung",Binh_Chanh,4.75,28500
Song_Que_-_Binh_Chanh,Bistro,Vietnamese,Duong_So_1_Khu_Trung_Son,Binh_Chanh,4.1,120000
Xuan_Quynh_-_Tra_Sua_Collagen_&_Banh_Trang_Tron,Restaurant,Vietnamese,"D17/42_To_57_Ap_4,_Xa_Hung_Long",Binh_Chanh,3.9,29500
Sinh_Doi_-_Pho,Bistro,Vietnamese,"2264_Huong_Lo_80,_X._Vinh_Loc_B",Binh_Chanh,3.65,37500
Bun_Ca_Di_Quynh,Restaurant,Vietnamese,Hem_C7/20_Pham_Hung,Binh_Chanh,3.4,25000
Pho_Gia_Dinh_-_Nguyen_Cuu_Phu,Bistro,Vietnamese,"740_Nguyen_Cuu_Phu,_Xa_Tan_Kien",Binh_Chanh,3.95,25000
Ba_Ba_-_Lau_Hai_San,Bistro,Vietnamese,"F1/23_Ap_6_Huong_Lo_80,_X._Vinh_Loc_A",Binh_Chanh,3.35,37500
Cafe_Bo_Song_Trung_Son,Cafe,Vietnamese,Duong_So_7A,Binh_Chanh,3.25,32000
Quan_Phuc_2_-_Dac_San_Dong_Que_&_Bo_To_Cu_Chi,Bistro,Vietnamese,"38_Duong_So_9,_KDC_Trung_Son",Binh_Chanh,3.8,135000
"Banh_Cuon_Nong,_Banh_Uot_&_Banh_Cuon_Trung",Bistro,Vietnamese,"A24/19_Quoc_Lo_50,_Xa_Binh_Hung",Binh_Chanh,5,23500
Com_Ga_Xoi_Mo_-_Duong_So_5,Bistro,Vietnamese,67_Duong_So_5,Binh_Chanh,3.8,25000
Com_Tam_79_-_Vo_Van_Van,Bistro,Vietnamese,A2/2K_Vo_Van_Van,Binh_Chanh,3.7,25000
Quan_Oc_68,Bistro,Vietnamese,"137_Duong_So_9A,_Trung_Son",Binh_Chanh,3.2,37500
Hu_Tieu_&_Bo_Kho_Banh_Mi,Bistro,Vietnamese,"Quoc_Lo_50,_Xa_Tan_Kim",Binh_Chanh,3.35,22500
Com_Tam_Co_Ba_-_Pham_Hung,Bistro,Vietnamese,C3/9_Pham_Hung,Binh_Chanh,3.4,25000
Kimbap_City_-_Mon_An_Han_Quoc_-_Trung_Son,Restaurant,Korean,120_Duong_So_9A,Binh_Chanh,4.5,100000
Quoc_Huy_Cafe_-_Bui_Thanh_Khiet,Cafe,Vietnamese,"C9/20A_Bui_Thanh_Khiet,_KP._3",Binh_Chanh,4.1,35000
Bun_Dau_Mam_Tom_-_Duong_So_7,Bistro,Vietnamese,103_Duong_So_7,Binh_Chanh,3.9,33500
Quan_Ngoc_-_Bun_Bo_&_Hu_Tieu,Bistro,Vietnamese,C3/4N2_Pham_Hung,Binh_Chanh,3.9,22500
Hu_Tieu_Chay_Sa_Dec_-_Pham_Hung,Restaurant,Vietnamese,"C6/27_Pham_Hung,_Xa_Binh_Hung",Binh_Chanh,3.5,20000
Oc_Oanh_-_Duong_So_1,Bistro,Vietnamese,"A2/1N1_Duong_So_1,_Ap_2,_Xa_Binh_Hung",Binh_Chanh,4.5,60000
"Hu_Tieu_Mi,_Nui_&_Banh_Canh_-_Duong_So_8",Restaurant,Vietnamese,23_Duong_So_8,Binh_Chanh,3.9,20000
Banh_Cuon_&_Banh_Uot_Ngon,Restaurant,Vietnamese,"74_Duong_So_14,_KDC_Phong_Phu_4",Binh_Chanh,3.4,22500
Bep_Hao_Hao_-_Dinh_Cao_An_Vat_-_KDC_Trung_Son,Restaurant,Vietnamese,"28_Duong_So_7,_KDC_Trung_Son,_Xa_Binh_Hung",Binh_Chanh,3.6,57500
Hu_Tiu_Sa_Dec,Bistro,Vietnamese,"C3/3_Pham_Hung,_Xa_Binh_Hung",Binh_Chanh,3.5,22500
Sunrise_Kebab_-_Pham_Hung,Restaurant,USA,"C5/20_Pham_Hung,_Xa_Binh_Hung",Binh_Chanh,3.9,22500
An_Vat_BoBo_-_Quach_Dieu,Restaurant,Vietnamese,"C1/11A_Quach_Dieu,_Xa_Vinh_Loc_A",Binh_Chanh,3.9,30000
Bun_Rieu_-_Thoi_Hoa,Bistro,Vietnamese,"E7/69B_Thoi_Hoa,_Xa_Vinh_Loc_A",Binh_Chanh,3.35,30000
Bun_Dau_Mam_Tom_-_Quan_Chuoi,Bistro,Vietnamese,"D9/13_Ap_4,_Xa_Binh_Chanh",Binh_Chanh,3.9,35000
Nam_Tien_-_Quan_An_Gia_Dinh,Bistro,Vietnamese,12B3_Tran_Dai_Nghia,Binh_Chanh,3.9,22500
Hu_Tieu_Mi_Xa_Xiu_&_Thap_Cam,Bistro,Vietnamese,"680/42_Duong_So_4,_Xa_Binh_Hung",Binh_Chanh,3.9,25000
"Com,_Chao_&_Mien_Ga_Ta_-_Pham_Hung",Bistro,Vietnamese,C3/4_Pham_Hung,Binh_Chanh,4,20000
Ba_Phi_-_Pho_&_Bun_Bo,Bistro,Vietnamese,Duong_So_4,Binh_Chanh,4,22500
Golden_Coffee_-_Lang_Le_Bau_Co,Cafe,Vietnamese,"35E_Lang_Le_Bau_Co,_P._Le_Minh_Xuan",Binh_Chanh,4.1,32500
Bi_-_Tra_Sua_Nha_Lam,Restaurant,Vietnamese,"C11/9_Pham_Hung,_X._Binh_Hung",Binh_Chanh,4.1,25000
Hung_Long_Quan_-_Nhau_Binh_Dan,Bistro,Vietnamese,"C1/26_Huong_Lo_11,_Xa_Hung_Long",Binh_Chanh,3.45,85000
Pho_Bo_Kho_&_Banh_Mi_Thit,Bistro,Vietnamese,Bo_Nha_Tho,Binh_Chanh,3.45,27500
Com_24_Mon,Bistro,Vietnamese,B6/16_Quoc_Lo_50,Binh_Chanh,3.45,35000
Hien_-_Com_Tam_Binh_Dan,Bistro,Vietnamese,"A11/1_Duong_So_10_Quoc_Lo_50,_P._Binh_Hung",Binh_Chanh,4.25,22500
Vinh_Loc_Quan_-_Bun_Bo_Gio_Heo,Bistro,Vietnamese,A6/4B_Ap_1,Binh_Chanh,4.25,25000
Ngoc_-_Chao_Long_&_Bun_Bo_Hue,Bistro,Vietnamese,C3/4_Pham_Hung,Binh_Chanh,4.55,25000
Miss_You_Cafe,Cafe,Vietnamese,"98_Duong_So_10,_X._Binh_Hung",Binh_Chanh,2.9,32000
Tra_Sua_Wecha,Cafe,Vietnamese,"Nga_3_Thoi_Hoa_-_Quach_Dieu,_Xa_Vinh_Loc_A",Binh_Chanh,2.9,25000
Tri_Ky_Quan_-_Bo_To_&_Hai_San,Bistro,Vietnamese,"A3/14Z_Vo_Van_Van,_P._Vinh_Loc_B",Binh_Chanh,2.9,190000
Kim_Thuy_-_Banh_Canh_Ca_Loc,Bistro,Vietnamese,1A-226/1_Vinh_Loc,Binh_Chanh,3.3,22500
Nha_Hang_Huong_Lua_4_-_Duong_13,Restaurant,Vietnamese,"123_Duong_13,_Ap_5_Phong_Phu",Binh_Chanh,3.95,260000
Ngoc_Trai_-_Nha_Hang_Hai_San,Bistro,Vietnamese,"F12/2A_Quach_Dieu,_Xa_Vinh_Loc_A",Binh_Chanh,3.15,285000
Nhung_Nguoi_Sai_Gon_Cafe,Cafe,Vietnamese,"G8/36,_Ap_7,_Tinh_Lo_10,_Xa_Le_Minh_Xuan",Binh_Chanh,3.15,30000
Ga_Ta_Khue_Thuy,Bistro,Vietnamese,"C6A/19_Vo_Van_Van,_Ap_4,_Xa_Vinh_Loc_B",Binh_Chanh,3.15,22500
Quan_Com_Phong_Phu_-_Vo_Van_Van,Bistro,Vietnamese,"D20/26_Vo_Van_Van,_Ap_4,_X._Vinh_Loc_B",Binh_Chanh,3.15,25000
Chau's_Kitchen_-_An_Vat_Online,Restaurant,Vietnamese,"KDC_Conic,_Nguyen_Van_Linh",Binh_Chanh,3.15,25000
Quan_An_Khanh_Hien,Bistro,Vietnamese,"C9/3_Pham_Hung,_Xa_Binh_Hung",Binh_Chanh,3.15,23500
"Quan_40_-_Nui_Xao,_Mi_Xao_&_Com_Chien",Bistro,Vietnamese,40_Duong_So_17,Binh_Chanh,3.15,25000
Gia_Phat_-_Com_Chien_Ga_Xoi_Mo,Bistro,Vietnamese,"C6A/31_Vo_Van_Van,_Ap_3A,_X._Vinh_Loc_B",Binh_Chanh,3.15,30000
Com_Ga_Xoi_Mo_-_Pham_Hung,Bistro,Vietnamese,"C1/25_Pham_Hung,_Xa_Binh_Hung",Binh_Chanh,3.15,25000
Thao_Le_-_Com_Tam_Dem,Bistro,Vietnamese,"A1/15_Quoc_Lo_50,_Xa_Binh_Hung",Binh_Chanh,3.6,31000
Bun_Dau_3_Chi_Em_-_Huong_Lo_80,Bistro,Vietnamese,"F8/8_Huong_Lo_80,_Ap_6,_Xa_Vinh_Loc_A",Binh_Chanh,3.55,36000
Bun_Dau_Bach_Cau,Bistro,Vietnamese,C5/18_Pham_Hung,Binh_Chanh,3.65,66001
An_Nhien_-_Cafe_&_Diem_Tam_-_Duong_So_9A,Cafe,Vietnamese,"85_Duong_So_9A,_KDC_Trung_Son,_Xa_Binh_Hung",Binh_Chanh,3.35,35000
Milk_Tea_-_Coffee_The_Only_T,Cafe,Vietnamese,"E1/5G2_Quach_Dieu,_P._Vinh_Loc_A",Binh_Chanh,3.95,29000
Rat_Hue_-_Cac_Mon_Hue,Bistro,Vietnamese,"78_Duong_So_8,_KDC_Trung_Son,_Xa_Binh_Hung",Binh_Chanh,3.5,35000
1990_Fresh_Milk_Tea,Restaurant,Vietnamese,"28_Duong_So_7,_Xa_Binh_Hung",Binh_Chanh,4.25,30000
Quan_An_Ba_Do_-_Duong_20,Bistro,Vietnamese,"3_Duong_20,_KDC_Binh_Hung",Binh_Chanh,3.9,30000
Ca_Ri_Quang,Bistro,Vietnamese,"KDC_Phong_Phu,_25_Duong_19C,_X._Phong_Phu",Binh_Chanh,4.15,32500
Van_Thinh_Rest_Stop,Restaurant,Vietnamese,"C12/18A_Tan_Tuc,_KP._3",Binh_Chanh,4.3,62500
Com_Ga_Xoi_Mo_Anh_Vy_-_Trung_Son,Bistro,Vietnamese,"309_Duong_So_9A,_KDC_Trung_Son,_Xa_Binh_Hung",Binh_Chanh,3.9,35000
Nha_Trang_Quan_-_Bun_&_Banh_Canh_Cha_Ca,Bistro,Vietnamese,"60_Duong_So_7,_KDC_Conic,_Xa_Phong_Phu",Binh_Chanh,4.15,30000
My_Way_-_Tea_&_Coffee,Cafe,Vietnamese,Tran_Van_Giau,Binh_Chanh,3.6,37500
Hu_Tieu_Ga_Phuoc_Loan,Bistro,Vietnamese,24_Duong_So_5,Binh_Chanh,3.35,32500
Xuan_Huong_-_Am_Thuc_Sinh_Thai_&_Cau_Ca_Giai_Tri,Restaurant,Vietnamese,"C12/40_Nguyen_Van_Linh,_Xa_Binh_Hung",Binh_Chanh,3.35,120000
Bun_Mam_-_Pham_Hung,Bistro,Vietnamese,"C6/27_Pham_Hung,_Xa_Binh_Hung",Binh_Chanh,3.6,27500
Pho_Dung_-_Vinh_Loc_A,Bistro,Vietnamese,"F8/35_To_8,_P._Vinh_Loc_A",Binh_Chanh,5,62500
"Lam_Ky_-_Hu_Tieu_Xao,_Mi_Xao_&_Com_Chien",Bistro,Vietnamese,"C6/5_Vo_Van_Van,_Ap_3,_X._Vinh_Loc_B",Binh_Chanh,4.95,27500
Bo_Bit_Tet_50,Bistro,Vietnamese,"C4/3_Trinh_Nhu_Khue,_Ap_3",Binh_Chanh,3.75,35000
Ti_Chuot_-_Quan_An_Binh_Dan,Bistro,Vietnamese,E6/10_Thoi_Hoa,Binh_Chanh,3.4,137500
"Thuy_Duong_-_Bot_Chien_Pate,_Mi_&_Hu_Tieu_Xao_Bo_Ma_Lai",Restaurant,Vietnamese,"A1/3_Quoc_Lo_50,_Xa_Da_Phuoc",Binh_Chanh,4.1,30000
Hai_Hum_-_Quan_An_Binh_Dan,Bistro,Vietnamese,A11/1_Quoc_Lo_1A,Binh_Chanh,3.35,40000
Hu_Tieu_Mi_Gia,Bistro,Vietnamese,"A5/39H_Lien_Ap_123,_Xa_Vinh_Loc_B",Binh_Chanh,3.4,27500
Dinh_Y_-_Com_Ga_Xoi_Mo,Bistro,Vietnamese,"2F-2T_Duong_So_10,_Xa_Binh_Hung",Binh_Chanh,4.9,27500
Nha_Trang_Quan_-_Bun_Cha_Ca_-_Khu_Dan_Cu_Conic,Bistro,Vietnamese,"2_Duong_So_2,_Doi_Dien_Block_H,_KDC_Conic,_13B_Nguyen_Van_Linh",Binh_Chanh,4,32500
Oc_Can_Gio,Bistro,Vietnamese,"92_Duong_So_8,_KDC_Trung_Son",Binh_Chanh,3.8,112500
Suoi_Mo_2_-_Vinh_Loc,Restaurant,Vietnamese,"F1/63,_To_2A,_Ap_6,_Quach_Dieu,_Xa_Vinh_Loc_A",Binh_Chanh,4.3,122500
Com_Tam_Hoang_Truong,Bistro,Vietnamese,"D8/1_Vo_Van_Van,_X._Vinh_Loc_B",Binh_Chanh,5,42500
Thang_Loi_-_Chao_Ga,Bistro,Vietnamese,C3/15_Pham_Hung,Binh_Chanh,3,27500
Pho_Cuong,Bistro,Vietnamese,"26_Duong_So_22,_KDC_Him_Lam_6A,_Binh_Hung",Binh_Chanh,3.35,40000
Dung_Map_-_Oc_Dem_25K,Restaurant,Vietnamese,B7/1_Ap_2,Binh_Chanh,3.65,25000
Bun_Bo_Cam_Tu,Bistro,Vietnamese,D20/17_Ap_4,Binh_Chanh,3.65,25000
Chi_Toai_-_Love_Ao_Dai_Coffee,Cafe,Vietnamese,"71_Duong_So_6,_KDC_Trung_Son",Binh_Chanh,4.2,40000
Quan_An_Gia_Dinh_Ut_Nam_-_Nguyen_Thi_Tu,Bistro,Vietnamese,"D1/10_Nguyen_Thi_Tu,_Ap_4",Binh_Chanh,4.4,32500
Xanh_Chuoi_-_Bun_Rieu_&_Bun_Thit_Nuong,Bistro,Vietnamese,"134_Duong_So_7,_KDC_Trung_Son,_Xa_Binh_Hung",Binh_Chanh,3.35,27500
Thao_Moc_Cafe_-_Duong_So_9A,Cafe,Vietnamese,"57_-_59_Duong_So_9A,_KDC_Trung_Son,_Xa_Binh_Hung",Binh_Chanh,3.05,35000
Hu_Tieu_-_Duong_So_10,Restaurant,Vietnamese,35_Duong_So_10,Binh_Chanh,4,27500
The_Bear's_Kitchen_-_Bep_Nha_Nang_Gau_-_Shop_Online,Restaurant,Vietnamese,"C7B/27R_Vo_Van_Van,_P._Vinh_Loc_B",Binh_Chanh,4.5,312500
Cong_Hau_1_-_Com_Ga_Xoi_Mo,Bistro,Vietnamese,B4/20C_Tran_Dai_Nghia,Binh_Chanh,3.9,27500
Vinh_Ky_Mi_Gia,Bistro,Vietnamese,Duong_So_7,Binh_Chanh,3.6,30000
Kim_Thap_3_-_Hu_Tieu_Nam_Vang,Bistro,Vietnamese,"C14/20_Quoc_Lo_1A,_Xa_Tan_Kien",Binh_Chanh,3.5,37500
Quan_Cua,Bistro,Vietnamese,"C19/11_Duong_So_9,_Khu_Trung_Son",Binh_Chanh,3.7,67500
Hoa_Ky_-_Mi_Vit_Tiem_&_Sui_Cao_-_Nguyen_Thi_Tu,Bistro,Chinese,"D1/2b_Nguyen_Thi_Tu,_X.Vinh_Loc_B",Binh_Chanh,3.9,30000
Com_Ga_Binh_Dan,Bistro,Vietnamese,Pham_Hung,Binh_Chanh,3.7,30000
Bun_Dau_Mam_Tom_-_Quach_Dieu,Bistro,Vietnamese,50_Quach_Dieu,Binh_Chanh,3.35,45000
Quan_Lim_-_Pho_&_Bun_Dau_Mam_Tom,Bistro,Vietnamese,"146_Duong_So_1,_KDC_Trung_Son",Binh_Chanh,3.9,127500
Lau_De_SOS_-_Binh_Hung,Restaurant,Vietnamese,"45_Duong_So_10,_Xa_Binh_Hung",Binh_Chanh,3.9,102500
"Ga_Tam_Ky_161_-_Com,_Chao_&_Goi_Ga",Bistro,Vietnamese,"161_Duong_9A,_KDC_Trung_Son,_Xa_Binh_Hung",Binh_Chanh,3.9,137500
Quan_Oc_Gia_Dinh_-_Dinh_Duc_Thien,Bistro,Vietnamese,D17/33_Dinh_Duc_Thien,Binh_Chanh,3.9,112500
Pho_Kieu_Cafe_&_Bar,Cafe,Vietnamese,68_Pham_Hung,Binh_Chanh,3.2,212500
Quan_An_Bich_Thu_-_Duong_Lien_Ap,Bistro,Vietnamese,"B5/120/5_Duong_Lien_Ap_2-3,_Xa_Da_Phuoc",Binh_Chanh,3.45,27500
Hang_-_Bun_Mang_Vit_&_Chao_-_Pham_Hung,Bistro,Vietnamese,"118_Pham_Hung,_X._Binh_Hung",Binh_Chanh,3.45,52500
Quan_Loan_-_Pho_Bo,Bistro,Vietnamese,"C10/45_Dinh_Duc_Thien,_Ap_3,_X._Binh_Chanh",Binh_Chanh,3.45,30000
Hello_-_Ga_Ran_&_Tra_Sua,Bistro,Vietnamese,"29_Duong_So_5,_KDC_Dai_Phuc_Green_Villas,_Xa_Binh_Hung",Binh_Chanh,4.25,27500
Mi_Chu_Cao_-_Hu_Tieu_&_Nui_Xao_Bo,Bistro,Vietnamese,C5/14_Pham_Hung,Binh_Chanh,4.55,32500
"Minh_Ngoc_Quan_-_Bun_Moc,_Bo_Kho_&_Hoanh_Thanh",Bistro,Vietnamese,"SH4/D03_Chung_Cu_Hoang_Quan_HQ3,_Nguyen_Van_Linh",Binh_Chanh,2.9,32500
Dong_Ba_-_Bun_Bo_Hue_-_Vinh_Loc,Bistro,Vietnamese,A3/20_Vinh_Loc,Binh_Chanh,3.3,32500
Anh_Tu_-_Quan_De_Tuoi,Bistro,Vietnamese,"D20/28A_Vo_Van_Van,_Ap_4,_X._Vinh_Loc_B",Binh_Chanh,3.15,212500
Com_Tam_Diem_2_-_Pham_Hung,Bistro,Vietnamese,"C7/23_A2_Pham_Hung,_Xa_Binh_Hung",Binh_Chanh,3.15,32500
Pho_Ha_Thanh_-_Vo_Van_Van,Bistro,Vietnamese,"C6/4_Vo_Van_Van,_Ap_3,_X._Vinh_Loc_B",Binh_Chanh,3.15,30000
Bo_Ne_5_Nhat,Bistro,Vietnamese,D1/5_Ap_4,Binh_Chanh,3.15,35000
Thien_Ky_-_Hu_Tiu_Mi_Hoanh_Thanh,Bistro,Vietnamese,"A1/17_Quoc_Lo_50,_Xa_Binh_Hung",Binh_Chanh,3.15,32500
Heo_Moi_Nuong_Gia_Cay_-_Vo_Van_Van,Restaurant,Vietnamese,"C1/4H_Vo_Van_Van,_Ap_3,_Xa_Vinh_Loc_B",Binh_Chanh,3.15,27500
Hien_-_Com_Binh_Dan,Bistro,Vietnamese,"55_Duong_So_9A,_KDC_Trung_Son,_Xa_Binh_Hung",Binh_Chanh,3.15,32500
"Tu_Map_-_Bun_Bo,_Hu_Tieu_Mi_&_Bo_Kho",Bistro,Vietnamese,"C1/18_Pham_Hung,_Xa_Binh_Hung",Binh_Chanh,3.15,25000
Hung_Dong_Cafe,Cafe,Vietnamese,"C7/6_Pham_Hung,_Xa_Binh_Hung",Binh_Chanh,4.55,42000
Bun_Bo_Hue_Nam_Long,Bistro,Vietnamese,"C7/23A2_Pham_Hung,_Xa_Binh_Hung",Binh_Chanh,3.35,33500
Sushi_Now_-_Sushi_Bento,Bistro,Japanese,"C18/29_KDC_Trung_Son,_Duong_So_9,_Xa_Binh_Hung",Binh_Chanh,3.35,59500
Net_Viet_Xua_-_Restaurant_&_Coffee,Restaurant,Vietnamese,"A9/3_Huong_Lo_11,_Ap_1,_Xa_Tan_Quy_Tay,",Binh_Chanh,4.5,364500
Minh_Ky_-_Hu_Tieu_Mi_-_Duong_So_10,Bistro,Vietnamese,"82_Duong_So_10,_Xa_Binh_Hung",Binh_Chanh,4.3,33000
Unnie_-_Mon_An_Han_Quoc,Restaurant,Korean,"110_Duong_So_13,_KDC_Binh_Hung",Binh_Chanh,3.9,42000
Bien_Nho_-_Lau_&_Cac_Mon_Hai_San,Bistro,Vietnamese,1A112_Vinh_Loc,Binh_Chanh,3.3,89500
Tra_Sua_Xien_Que_Hot_&_Cold_-_Binh_Chanh,Cafe,Vietnamese,"132_Duong_So_9A,_KDC_Trung_Son",Binh_Chanh,3.45,59000
Noona_-_Tra_Sua_Tran_Chau_Duong_Den,Cafe,Vietnamese,"B502_Khu_Dan_Cu_Happy,_Nguyen_Van_Linh,_Xa_Binh_Hung",Binh_Chanh,3.25,32500
Oc_Dem_-_Vo_Van_Van,Restaurant,Vietnamese,"C6/13B_Vo_Van_Van,_Ap_3,_X._Vinh_Loc_B",Binh_Chanh,3.25,40000
Lau_De_Chinh_Hieu,Bistro,Vietnamese,"C16_Duong_So_8,_Khu_Trung_Son,_Binh_Hung",Binh_Chanh,3.55,70000
"Quan_Viet_Hoa_-_Hu_Tieu_Xao,_Mi_Xao_Gion_&_Com_Ga",Bistro,Vietnamese,"A6/A11_Quoc_Lo_50,_Xa_Binh_Hung",Binh_Chanh,4.55,45000
Bo_Ne_3_Ngon_-_Bo_Quang_Lua_Hong_-_Duong_So_9A,Bistro,Vietnamese,267_Duong_So_9A,Binh_Chanh,4.1,45000
Hoa_Phuong_Quan_-_Banh_Da_Cua_&_Bun,Bistro,Vietnamese,20_Duong_So_7,Binh_Chanh,3.25,40000
Quan_Hai_Cua_-_Nguyen_Huu_Tri,Bistro,Vietnamese,"26_Nguyen_Huu_Tri,_TT._Tan_Tuc",Binh_Chanh,3.6,115000
Oc_Xi_Trum_-_Oc_Dong_Gia_30k_-_Shop_Online,Restaurant,Vietnamese,"B24/5_Cay_Cam,_Ap_Vinh_Loc_B",Binh_Chanh,3.35,40000
Lau_De_404,Bistro,Vietnamese,A11/8_Quoc_Lo_50,Binh_Chanh,3.85,115000
Omely_-_Quan_An_Gia_Dinh,Bistro,Vietnamese,"104_-_106_-_108_Duong_9A,_KDC_Trung_Son",Binh_Chanh,3.25,165000
Gach_Co_Coffee_-_Thoi_Hoa,Cafe,Vietnamese,"E1/43_Thoi_Hoa,_Vinh_Loc_A",Binh_Chanh,3.6,45000
Com_Ga_89_-_Quach_Dieu,Bistro,Vietnamese,"C2/5_Quach_Dieu,_X._Vinh_Loc_A",Binh_Chanh,4.15,30000
Quan_An_Toan_Ky,Bistro,Vietnamese,B8/4_Vo_Van_Van,Binh_Chanh,3.6,35000
Tra_Sua_Hong_Kong_Tea_&_Tra_Sua_Tuoi_Tran_Chau_HongKong,Cafe,Vietnamese,"28_Duong_So_7,_P._Binh_Hung",Binh_Chanh,4.9,40000
Bui_-_Oc_Lau,Bistro,Vietnamese,"99_Duong_So_9A,_Trung_Son",Binh_Chanh,3.6,97500
Quan_Oc_Tai_-_Pham_Hung,Bistro,Vietnamese,"C11/9_Pham_Hung,_Xa_Binh_Hung",Binh_Chanh,3.4,40000
"Tuy_Huong_-_Com_Van_Phong,_Che_&_Trai_Cay_To",Bistro,Vietnamese,"KDC_Him_Lam,_5_Duong_So_4,_Xa_Binh_Hung",Binh_Chanh,3.35,47500
De_39,Bistro,Vietnamese,39_Duong_So_4_Trung_Son,Binh_Chanh,3.35,97500
Hu_Tieu_Le,Bistro,Vietnamese,"Tran_Van_Giau,_Xa_Pham_Van_Hai",Binh_Chanh,3.8,35000
Pho_Quynh_-_Quoc_Lo_50,Bistro,Vietnamese,"18a/30,_Quoc_Lo_50,_X._Binh_Hung",Binh_Chanh,3.35,35000
Bun_Bo_Hue_O_Phuong_-_Quoc_Lo_50,Bistro,Vietnamese,B2/17_Quoc_Lo_50,Binh_Chanh,3.5,40000
Pho_Thi,Bistro,Vietnamese,"1_Duong_So_06,_Khu_Dan_Cu_Trung_Son,_Xa_Binh_Hung",Binh_Chanh,3.4,40000
Quan_Huong_Vi_Bien_-_Hai_San_Tuoi_Song,Bistro,Vietnamese,"Duong_So_10,_X._Binh_Hung",Binh_Chanh,3.05,115000
Vu_Kim_-_Hai_San_Binh_Dan,Bistro,Vietnamese,"C5/18_Pham_Hung,_Xa_Binh_Hung",Binh_Chanh,3.2,65000
Tien_Phat_-_Hu_Tieu_Nam_Vang_-_Duong_So_9A,Bistro,Vietnamese,"120_Duong_So_9A,_KDC_Trung_Son,_Xa_Binh_Hung",Binh_Chanh,3.6,65000
Com_Ga_Hoi_An_-_Pham_Hung,Bistro,Vietnamese,"C4/9B_Pham_Hung,_Xa_Binh_Hung",Binh_Chanh,3.5,35000
A_Nhut_-_Oc_&_Hai_San,Restaurant,Vietnamese,Pham_Hung,Binh_Chanh,3.7,35000
Hu_Tieu_De_-_Quoc_Lo_50,Bistro,Vietnamese,E3/72_Quoc_Lo_50,Binh_Chanh,4,40000
Quan_An_Gia_Dinh_Thanh_Phat,Bistro,Vietnamese,C11/17_Vo_Van_Van,Binh_Chanh,4.05,115000
Tuan_Ky_-_Com_Ga_Xoi_Mo_&_Sinh_To,Bistro,Vietnamese,"267_Duong_9A,_KDC_Trung_Son,_Xa_Binh_Hung",Binh_Chanh,3.35,55000
Oc_Suong,Bistro,Vietnamese,"C5/18_Pham_Hung,_Xa_Binh_Hung",Binh_Chanh,3.2,65000
Ha_Ky_-_Hu_Tieu_Xao,Bistro,Vietnamese,A30/10_Quoc_Lo_50,Binh_Chanh,4.9,47500
Heo_Moi_Nuong_-_Pham_Hung,Restaurant,Vietnamese,"C1A/18_Pham_Hung,_Xa_Binh_Hung",Binh_Chanh,3.6,30000
Xoai_Non_Phuc_Phuc,Restaurant,Vietnamese,"C9/C10_Pham_Hung,_Xa_Binh_Hung",Binh_Chanh,4.7,65000
Hu_Tiu_Nam_Vang_Ngon,Bistro,Vietnamese,"C3/16_Pham_Hung,_P._Binh_Hung",Binh_Chanh,3.6,35000
Bun_Bo_Hue_&_Bun_Thai_-_Quoc_Lo_50,Bistro,Vietnamese,A10/3_Quoc_Lo_50,Binh_Chanh,3.6,30000
Bit_Tet_Song_Nhi,Restaurant,Vietnamese,"B2/59_Tan_Liem,_Xa_Phong_Phu",Binh_Chanh,4,35000
Com_Ga_Tam_Ky,Bistro,Vietnamese,"F2/16_Quach_Dieu,_X._Vinh_Loc_A",Binh_Chanh,3.5,32500
Henry_&_Peter_-_Ga_Ran_&_An_Vat,Restaurant,Vietnamese,"C1/5_Quach_Dieu,_Xa_Vinh_Loc_A",Binh_Chanh,5,32500
Com_Ga_Xoi_Mo_Vi_Anh_-_Duong_So_10,Bistro,Vietnamese,2E_Duong_So_10,Binh_Chanh,5,30000
Co_Mai_-_Bun_Nuoc_Leo_Soc_Trang,Bistro,Vietnamese,35_Duong_So_6,Binh_Chanh,3.35,35000
Oc_Trung_-_Pham_Hung,Bistro,Vietnamese,"C9/10_Pham_Hung,_Xa_Binh_Hung",Binh_Chanh,3.35,105000
Quan_Bia_Goc_Viet_-_Duong_So_9,Bistro,Vietnamese,66_Duong_So_9,Binh_Chanh,3.9,165000
Vi_Anh_2_-_Com_Ga_Xoi_Mo_&_Hu_Tieu_Nam_Vang,Bistro,Vietnamese,"34_Duong_So_10,_KDC_Binh_Hung",Binh_Chanh,3.2,37500
Ngoc_Lan_-_Chao_&_Goi_Vit,Bistro,Vietnamese,C3/12_Pham_Hung,Binh_Chanh,4.1,50000
Pho_Ngoc_-_Quach_Dieu,Bistro,Vietnamese,F12/2_Quach_Dieu,Binh_Chanh,3.3,35000
Quan_Nhau_Binh_Dan_404,Bistro,Vietnamese,110_Duong_So_9A,Binh_Chanh,3.95,115000
Hong_Phat_2_-_Hu_Tieu_Nam_Vang,Bistro,Vietnamese,"C3/26_Pham_Hung,_Xa_Binh_Hung",Binh_Chanh,3.15,35000
Pho_Bac_Hai_Ha_Noi_-_Pham_Hung,Bistro,Vietnamese,"C3/17_Pham_Hung,_Xa_Binh_Hung",Binh_Chanh,3.15,32500
Thanh_-_Pho_&_Bun_Bo_Hue,Bistro,Vietnamese,A12/12_Quoc_Lo_50,Binh_Chanh,3.15,32500
Ngan_-_Pho_Bo_Kho,Bistro,Vietnamese,A15/11_Quoc_Lo_50,Binh_Chanh,3.15,32500
Ga_Ta_Hoi_An_-_Kinh_Duong_Vuong,Bistro,Vietnamese,"53/8A_An_Phu_Tay,_X._Hung_Long",Binh_Chanh,3.15,65000
Thuan_Ky_Mi_Gia,Bistro,Chinese,"26_Duong_So_18,_Khu_Dan_Cu_Him_Lam",Binh_Chanh,4.3,41000
Bun_Cha_Ca_Nha_Trang_Bien_Nho,Bistro,Vietnamese,"A10/27Y_Duong_So_1,_KDC_Binh_Hung,_Xa_Binh_Hung",Binh_Chanh,3.65,41000
Pho_Nguyen_-_Quoc_Lo_50,Bistro,Vietnamese,17/24_Quoc_Lo_50,Binh_Chanh,3.35,38500
7_Days_Coffee,Cafe,Vietnamese,"30_Duong_So_5,_Xa_Binh_Hung",Binh_Chanh,3.85,55000
"Ngoc_Dung_-_Bun,_Hu_Tieu_&_Hoanh_Thanh",Bistro,Vietnamese,"C3/16A_Pham_Hung,_Xa_Binh_Hung",Binh_Chanh,3.6,37500
Com_Chay_Cha_Bong_Tien_Vua_-_Shop_Online,Restaurant,Vietnamese,"KDC_Binh_Hung,_6_Duong_So_9",Binh_Chanh,3.6,40000
Quan_Com_Viet_Hoa,Bistro,Vietnamese,"A6/A11_Quoc_Lo_50,_Xa._Binh_Hung",Binh_Chanh,4.3,47500
Way_Coffee_-_Duong_So_5,Cafe,Vietnamese,30_Duong_So_5,Binh_Chanh,3.35,47500
Banh_Trang_Gao_Que_Toi_-_Shop_Online,Restaurant,Vietnamese,"D12_Le_Thi_Dung,_Xa_Vinh_Loc_A",Binh_Chanh,3.4,37500
Ga_Ran_Chicken_Plus_-_Pham_Hung,Bistro,Vietnamese,"C4_-_36_Pham_Hung,_X._Binh_Hung",Binh_Chanh,5,127000
Vinh_Loc_Quan_-_Lau_&_Dac_San_Dong_Que,Bistro,Vietnamese,"52_Huong_Lo_80,_Xa_Vinh_Loc_A",Binh_Chanh,3.9,292500
"Mi_Cay,_Tra_Sua_&_An_Vat",Bistro,Vietnamese,216B/7_An_Phu_Tay,Binh_Chanh,3.9,42500
Ga_Ta_Tam_Ky_-_Pham_Hung,Bistro,Vietnamese,"C3/4_Pham_Hung,_Xa_Binh_Hung",Binh_Chanh,3.9,142500
"Quan_An_24h_-_Bun_Cha,_Bun_Bo_&_Giai_Khat",Bistro,Vietnamese,79_Duong_So_8,Binh_Chanh,3.2,92500
An_Vat_Dong_Gia_35K_-_Shop_Online,Restaurant,Vietnamese,"E1_Quach_Dieu,_Xa_Vinh_Loc_A",Binh_Chanh,4.55,67500
Shu_Shi_-_Mi_Cay_7_Cap_Do,Bistro,Vietnamese,"1A60/1_Tran_Van_Giau,_Xa_Pham_Van_Hai",Binh_Chanh,2.9,40000
Lau_Bo_80_-_Vo_Van_Van,Bistro,Vietnamese,"C7/28_Vo_Van_Van,_Ap_3,_Xa_Vinh_Loc_B",Binh_Chanh,3.3,117500
Rau_Cau_Dua_-_Vo_Van_Van,Restaurant,Vietnamese,"B8/15_Vo_Van_Van,_Xa_Vinh_Loc_B",Binh_Chanh,3.95,35000
Bun_Bo_Van_Thinh_-_Tan_Tuc,Bistro,Vietnamese,"C12/18A_Tan_Tuc,_TT._Tan_Tuc",Binh_Chanh,3.15,42500
Banh_Pia_Soc_Trang,Bakery,Vietnamese,A11/11A_Quoc_Lo_50,Binh_Chanh,3.15,52500
"Phuc_Ky_-_Com_Ga,_Hu_Tieu_&_Nui",Bistro,Vietnamese,"C4/34_Pham_Hung,_P._Binh_Hung",Binh_Chanh,3.25,46000
Juicci_-_Nuoc_Ep_Trai_Cay_-_Satra_Pham_Hung,Cafe,Vietnamese,"Satra_Pham_Hung,_C6/27_Pham_Hung,_Xa_Binh_Hung",Binh_Chanh,4.15,43000
Hoa_Dang_Tuu_Phung,Bistro,Vietnamese,"C19/11A_Duong_So_9A,_Xa_Binh_Hung",Binh_Chanh,3.4,169000
Dac_San_Da_Lat_-_Shop_Online_-_Pham_Hung,Restaurant,Vietnamese,"C4/14D2_Pham_Hung,_P._Binh_Hung",Binh_Chanh,3.3,43000
Bep_Anh_Hao_-_Com_Nieu,Bistro,Vietnamese,"Block_A_EhomeS_Duong_So_1,_Xa_Binh_Hung",Binh_Chanh,3.7,79500
The_Coffee_House_-_Saigon_Mia,Cafe,Vietnamese,"Tang_Tret,_Khu_Can_Ho_Cao_Cap_Saigon_Mia,_Duong_So_9A,_Xa_Binh_Hung",Binh_Chanh,4.5,52000
Nha_Hang_112_-_Oc_&_Hai_San,Restaurant,Vietnamese,"112_Duong_9A,_Khu_Dan_Cu_Trung_Son",Binh_Chanh,4.15,195000
Kimchi_Su_Hao,Bistro,Korean,Duong_C5/22,Binh_Chanh,3.6,60000
"Xuan_Hoa_Quan_-_Bo_Kho,_Banh_Canh_&_Bun_Rieu",Bistro,Vietnamese,"B005_Ehomes,_Nguyen_Van_Linh,_Xa_Binh_Hung",Binh_Chanh,4.75,40000
Phuc_-_Bo_To_Cu_Chi,Bistro,Vietnamese,31_Duong_So_4,Binh_Chanh,3.2,130000
Banh_Xeo_&_Banh_Khot_-_Chu_Tam_Mien_Tay,Bistro,Vietnamese,"31_Duong_So_10,_Xa_Phong_Phu",Binh_Chanh,4.6,50000
Pho_Phuong_Bac,Bistro,Vietnamese,"53_Duong_So_5,_X._Binh_Hung",Binh_Chanh,3.5,42500
Quan_Oc_165,Bistro,Vietnamese,"1908_Vinh_Loc,_Xa_Vinh_Loc_B",Binh_Chanh,4,70000
Oc_Trang,Bistro,Vietnamese,"C14/24_Pham_Hung,_Xa_Binh_Hung",Binh_Chanh,3.45,70000
Comeat_-_Com_Van_Phong_-_Shop_Online,Restaurant,Vietnamese,"11_Duong_So_4A,_Xa_Binh_Hung",Binh_Chanh,3.45,40000
Bun_Bo_&_Bun_Moc_Bon_Rom,Bistro,Vietnamese,"299_Duong_So_9A,_Xa_Binh_Hung",Binh_Chanh,3.95,70000
Phuong_Vy_-_Bun_Dau_Mam_Tom_&_Chan_Ga_Sa_Tac,Restaurant,Vietnamese,"Huong_Lo_11,_Xa_Hung_Long",Binh_Chanh,3.15,80000
Pho_Thao_-_Pham_Hung,Bistro,Vietnamese,"6_Pham_Hung,_Xa_Binh_Hung",Binh_Chanh,5,81000
Panda_Bento_-_Com_Van_Phong_-_Shop_Online,Restaurant,Japanese,"C1/30_A1_Pham_Hung,_Xa_Binh_Chanh",Binh_Chanh,3.4,48500
Funny_Beef_-_Spaghetti_&_Beefsteak_-_Trung_Son,Bistro,Vietnamese,"120_Duong_So_9A,_KDC_Trung_Son,_Ap_4B,_X._Binh_Hung",Binh_Chanh,3.9,174500
Lien_Huong_-_Ga_Ac_&_Oc_Heo_Tiem_Thuoc_Bac_-_Quoc_Lo_50,Bistro,Vietnamese,B17/15_Quoc_Lo_50,Binh_Chanh,4.6,52500
Tam_Moc,Restaurant,Vietnamese,"418_Tan_Tuc,_TT._Tan_Tuc",Binh_Chanh,4.2,50000
Pho_Ga_O_Kia_-_Duong_So_9A,Bistro,Vietnamese,"97_Duong_So_9A,_KDC_Trung_Son,_P._Binh_Hung",Binh_Chanh,3.15,55000
BBQ_Ngoi_-_Mon_Nuong,Bistro,Vietnamese,"168_Duong_So_1,_KDC_Trung_Son",Binh_Chanh,3.25,109000
Mai_La_-_Hai_San_Tuoi_Song,Bistro,Vietnamese,"Lien_Ap_1_-_2_-_3,_Xa_Vinh_Loc_A",Binh_Chanh,3.8,184500
Domino's_Pizza_-_Nguyen_Thi_Tu,Bistro,Asian,"D1/10D_Nguyen_Thi_Tu,_Xa_Vinh_Loc_B",Binh_Chanh,3.95,124000
Lau_De_404_-_Duong_so_9,Bistro,Vietnamese,"110A_Duong_So_9A,_Khu_Dan_Cu_Trung_Son,_P._Binh_Hung",Binh_Chanh,3.3,135000
Quan_Rau_Rung_Trung_Son_-_Banh_Xeo,Bistro,Vietnamese,"13_Duong_So_8,_Khu_Dan_Cu_Trung_Son",Binh_Chanh,3.35,55000
Quan_Chi_Dau_-_Duong_So_8,Bistro,Vietnamese,"113_Duong_So_8,_KDC_Trung_Son",Binh_Chanh,3.95,325000
Hu_Tieu_Nam_Vang_Nhan_Quan_-_Quoc_Lo_50,Bistro,Vietnamese,"A23/9_Quoc_Lo_50,_X._Binh_Hung",Binh_Chanh,3.25,61000
McDonald’s_Satra_Pham_Hung,Restaurant,Asian,"Tang_Tret,_TTTM_Satra_Pham_Hung,_C6/27_Pham_Hung,_Xa_Binh_Hung",Binh_Chanh,3.5,125000
Ok_3_Con_De_-_Lau_De_Chinh_Hieu_-_Pham_Hung,Bistro,Vietnamese,C3/9_Pham_Hung,Binh_Chanh,3,100000
Kim_Son_Quan,Restaurant,Vietnamese,"C3/13_Pham_Hung,_Xa_Binh_Hung",Binh_Chanh,4.25,190000
Xien_Khe_Quan_-_Duong_So_9A,Bistro,Vietnamese,199_Duong_So_9A,Binh_Chanh,3.35,125000
Sao_Bien_-_Bo_To_Xuan_Dao,Bistro,Vietnamese,"2_Duong_So_9A,_P._Binh_Hung",Binh_Chanh,3.45,175000
Cari_&_Lau_Tieu,Restaurant,Vietnamese,"9/4_Pham_Hung,_Xa_Binh_Hung",Binh_Chanh,4.25,75000
Ngoc_-_Quan_An_Binh_Dan,Bistro,Vietnamese,"9_Duong_So_8,_P._Binh_Hung",Binh_Chanh,3.9,150000
Pho_Hoang_1_-_Pham_Hung,Bistro,Vietnamese,"C7/1_Pham_Hung,_Xa_Binh_Hung",Binh_Chanh,3.2,80000
Moc_Quan_-_Nuong_Ngoi,Bistro,Vietnamese,"C19/11A_Duong_So_9A,_Xa_Binh_Hung",Binh_Chanh,3.75,175000
Vit_Quay_Hung_Trang,Bistro,Vietnamese,Quoc_Lo_50,Binh_Chanh,4.3,125000
Phuong_Quang_Nam_-_Goi_Ga_&_Vit,Bistro,Vietnamese,"B11/12_Ap_2,_Vo_Van_Van",Binh_Chanh,3.4,155000
Bangkok_Kitchen_-_Khu_Dan_Cu_Gia_Hoa,Bistro,Thailand,"E4B/11_Khu_Dan_Cu_Gia_Hoa,_Xa_Phong_Phu",Binh_Chanh,4,125000
Funny_Beer_Food,Bistro,Vietnamese,1/27_Dinh_Duc_Thien,Binh_Chanh,4.3,125000
Kho_Ga_La_Chanh_-_Pham_Hung,Restaurant,Vietnamese,"C8/13B2_Pham_Hung,_Xa_Binh_Hung",Binh_Chanh,3.65,100000
Bo_To_Tay_Ninh_Nam_Sanh_-_Quoc_Lo_1A,Bistro,Vietnamese,"13/11_Quoc_Lo_1A,_Xa_Tan_Quy_Tay",Binh_Chanh,4.3,125000
Vo_Phuc_Trung_Nghia_-_Shop_Online,Restaurant,Vietnamese,"E3/5_Thoi_Hoa,_Xa_Vinh_Loc_A",Binh_Chanh,3.9,225000
Young_Buffet_BBQ_&_Beer,Restaurant,Vietnamese,"C8/1C_Pham_Hung,_Xa_Binh_Hung",Binh_Chanh,3.9,125000
Chan_Ga_Sa_Tac_Xi_Trum_-_Quoc_Lo_50,Restaurant,Vietnamese,"A13/399S_Quoc_Lo_50,_Xa_Phong_Phu",Binh_Chanh,3.9,75000
Binh_Dien_Quan_-_Nha_Hang_San_Vuon,Restaurant,Vietnamese,"E8/32_Nguyen_Huu_Tri,_KP._5,_Thi_Tran_Tan_Tuc",Binh_Chanh,2.9,150000
An_Vat_Be_Ngoc,Restaurant,Vietnamese,"C3/32_Ap_3,_P._Vinh_Loc_B",Binh_Chanh,2.9,125000
Teemo_BBQ,Bistro,Vietnamese,Quoc_Lo_50,Binh_Chanh,3.95,125000
Lan_-_Banh_Trai_Cay_Dau_Xanh,Bakery,Vietnamese,"C2/33FX_Pham_Hung,_X._Binh_Hung_(Gan_Mieu_Nam_Me_Ngu_Hanh)",Binh_Chanh,3.95,175000
Ga_Ta_Mien_Trung_-_Vo_Van_Van,Bistro,Vietnamese,"D10/25_Vo_Van_Van,_Ap_4,_To_10,_X._Vinh_Loc_B",Binh_Chanh,3.15,135000
Nuoc_Ep_Lanh_Yes!_-_Shop_Online,Restaurant,Vietnamese,"A1_Chung_Cu_The_Mansion,_Nguyen_Van_Linh",Binh_Chanh,4,58500
Hai_Lam_Quan_-_Quan_Gia_Dinh,Bistro,Vietnamese,"279_Duong_So_9A,_Xa_Binh_Hung",Binh_Chanh,3.4,155000
Me_Tieu_Bao_-_Chan_Ga_Rut_Xuong_-_Shop_Online,Restaurant,Vietnamese,"Cong_Mp4_Mizuki_Park,_Xa_Binh_Hung",Binh_Chanh,4,77500
Banh_Bong_Lan_Trung_Muoi_336,Bakery,Vietnamese,"C11/6_Pham_Hung,_Xa_Binh_Hung_(Dau_Duong_Pham_Hung_-_Nguyen_Van_Linh)",Binh_Chanh,3.9,80000
Chan_Ga_Cay_Yuyu_-_Shop_Online,Restaurant,Chinese,"C2/12M_Pham_Hung,_Xa_Binh_Hung",Binh_Chanh,3.35,60000
Banh_Nha_Tui_-_Shop_Online,Restaurant,Vietnamese,"C3/23_Pham_Hung,_Xa_Binh_Hung",Binh_Chanh,3.45,87500
Que_Huong_Quan_-_Duong_So_10,Bistro,Vietnamese,"32_Duong_So_10,_KDC_Binh_Hung",Binh_Chanh,3.05,110000
Nha_Go_Quan_-_Am_Thuc_Viet,Restaurant,Vietnamese,"70_Duong_So_5,_KDC_Conic,_Xa_Phong_Phu",Binh_Chanh,4.75,185000
Am_Thuc_Chay_Buu_Niem,Restaurant,Vietnamese,"95_Duong_So_8,_KDC_Trung_Son,_Xa_Binh_Hung",Binh_Chanh,3.95,80000
Quan_Viet_De_-_Chuyen_Cac_Mon_De,Bistro,Vietnamese,"C6/20_Pham_Hung,_Xa_Binh_Hung",Binh_Chanh,4.3,112500
Am_Thuc_Ngan_Sang_-_Quan_An_Gia_Dinh,Bistro,Vietnamese,"A11/5B_Nguyen_Cuu_Phu,_Xa_Tan_Kien",Binh_Chanh,3.9,787500
Nha_Hang_Karaoke_Cay_Su,Restaurant,Vietnamese,"C12B/13B_Ap_3B,_Xa_Vinh_Loc_B",Binh_Chanh,3.9,164000
De_Nui_3Q_-_Trung_Son,Bistro,Vietnamese,"Duong_So_9A,_Khu_Trung_Son",Binh_Chanh,3.7,150000
Hai_Quang_-_Lau_Ca_Thac_Lac,Bistro,Vietnamese,X12_Duong_So_5A,Binh_Chanh,4.15,140000
Lau_De_De_Nhat,Bistro,Vietnamese,135_Duong_So_10,Binh_Chanh,3.35,190000
Lau_De_Phong_Luu_-_Quach_Dieu,Bistro,Vietnamese,C2/5_Quach_Dieu,Binh_Chanh,3.55,140000
Starbucks_Coffee_-_Saigon_Mia,Cafe,USA,"L1-04,_Tang_1_Saigon_Mia,_Duong_So_9A,_Xa_Binh_Hung",Binh_Chanh,3.65,115000
Banh_Trang_Sa_Te_Long_An_-_Shop_Online,Restaurant,Vietnamese,Nguyen_Van_Linh,Binh_Chanh,4.1,115000
Banh_Bong_Lan_Trung_Muoi_Pho_Mai_-_Shop_Online,Restaurant,Vietnamese,A26/14F_Binh_Hung,Binh_Chanh,3.45,105000
Buffet_Chay_Nhu_Tam,Restaurant,Vietnamese,"B17/18A_Quoc_Lo_50,_Xa_Binh_Hung",Binh_Chanh,3.7,120000
Banh_Crepe_Sau_Rieng_&_Sau_Rieng_Sach_-_Shop_Online,Restaurant,Vietnamese,"Duong_So_10,_KDC_Phong_Phu",Binh_Chanh,4.1,110000
Am_Thuc_Dat_Phuong_Nam,Restaurant,Vietnamese,"E8/9E_Nguyen_Huu_Tri,_TT._Tan_Tuc",Binh_Chanh,4.55,545000
Yen_Sao_Simon_-_Shop_Online,Restaurant,Vietnamese,"C9/7B7_Ap_4,_Xa_Binh_Hung",Binh_Chanh,4.1,2800000
Khu_Am_Thuc_Sinh_Thai_Binh_Xuyen,Restaurant,Vietnamese,C3/18_Pham_Hung,Binh_Chanh,3.65,215000
GoGi_House_-_Quan_Nuong_Han_Quoc_-_Satra_Pham_Hung,Restaurant,Korean,"Tang_1_&_2_TTTM_Satra,_C6/27_Pham_Hung,_Xa_Binh_Hung",Binh_Chanh,3.4,225000
Ran_Bien_7_-_Duong_So_9A,Restaurant,Vietnamese,"Duong_So_9A,_Xa_Binh_Hung",Binh_Chanh,3.55,300000
Thanh_Long_-_Lang_Nuong_&_Cau_Ca_Giai_Tri,Restaurant,Vietnamese,"Quoc_Lo_50,_B8/251,_Ap_2,_Xa_Phong_Phu",Binh_Chanh,3.6,215000
Mu_Ka_Tha_-_Hai_San_Tuoi_Song_&_BBQ,Bistro,Vietnamese,"C7_Pham_Hung,_Xa_Binh_Hung",Binh_Chanh,4.15,200000
Takashi_Sushi,Restaurant,Japanese,"B-021_Block_B,_Khu_Ehome_S_Nam_Sai_Gon,_Xa_Binh_Hung",Binh_Chanh,4.1,300000
Lau_Bo_Chu_Tam,Bistro,Vietnamese,"E1/16A_Quoc_Lo_50,_Xa_Phong_Phu",Binh_Chanh,5,150000
Vuon_Xoai_-_Mon_An_Dong_Que,Bistro,Vietnamese,"A35/11B_Dai_Lo_Nguyen_Van_Linh,_Xa_Binh_Hung",Binh_Chanh,3.7,300000
Pizza_Hut_-_Saigon_Mia,Restaurant,USA,"Khu_Can_Ho_Cao_Cap_Saigon_Mia,_Duong_So_9A,_Xa_Binh_Hung",Binh_Chanh,3.8,150000
Lau_De_Hai_Tiem,Bistro,Vietnamese,B11/2A_Doan_Nguyen_Tuan,Binh_Chanh,3.35,200000
Ca_Nuong_Mac_Khen_Tay_Bac,Restaurant,Vietnamese,Duong_C7C,Binh_Chanh,3.2,120000
Quan_89_-_Lau_&_Cac_Mon_Nhau_Binh_Dan,Bistro,Vietnamese,B13/5E_Tran_Dai_Nghia,Binh_Chanh,4.1,110000
Bo_To_Cu_Chi_-_Trung_Son,Bistro,Vietnamese,29_-_31_KDC_Trung_Son,Binh_Chanh,3.8,160000
Dac_San_Lang_Son_-_Ga_Nuong_&_Vit_Nuong_La_Mac_Mat,Bistro,Vietnamese,"C4/19_Pham_Hung,_P._Binh_Hung",Binh_Chanh,2.9,200000
Am_Thuc_Minh_Thu_-_Hai_San_&_De,Bistro,Vietnamese,A29/27A1_Quoc_Lo_50,Binh_Chanh,2.9,300000
Lau_Bo_Ly_Koi_3,Bistro,Vietnamese,"C8/24_Vo_Van_Van,_Ap_3,_Xa_Vinh_Loc_B",Binh_Chanh,3.15,200000
Quan_Cay_Bang_-_Quan_An_Gia_Dinh,Bistro,Vietnamese,"Ap_4,_Xa_Da_Phuoc",Binh_Chanh,3.15,200000
Dookki_Viet_Nam_-_Lau_&_Buffet_Tokpokki_-_Satra_Pham_Hung,Restaurant,Korean,"Tang_3_TTTM_Satra,_C6/27_Pham_Hung,_Xa_Binh_Hung",Binh_Chanh,4.05,144500
A_Ty_-_Ga_Nuong_Muoi_Ot,Restaurant,Vietnamese,"C3/9_Pham_Hung,_Xa_Binh_Hung",Binh_Chanh,3.9,140000
Quan_Lau_De_Phu_Quy,Bistro,Vietnamese,47_Duong_So_4,Binh_Chanh,3,240000
Minh_Chau_-_Ga_Ta_Nuong_Lu,Restaurant,Vietnamese,"1/2A_Pham_Hung,_P._4",Binh_Chanh,3.9,225000
Sup_Bao_Ngu_Ong_Xa_-_KDC_Phong_Phu_4,Restaurant,Vietnamese,"24_Duong_So_15D,_KDC_Phong_Phu_4,_Xa_Phong_Phu",Binh_Chanh,3.95,274000
SaLa_-_Coffee_&_Tra_Sua_-_Duong_T4,Cafe,Vietnamese,"E2/56F_An_Phu_Tay,_X._Hung_Long",Binh_Chanh,3.7,450000
Cha_Bong_Viet_-_Shop_Online,Restaurant,Vietnamese,"D8/50_Nu_Dan_Cong,_Xa_Vinh_Loc_A",Binh_Chanh,3.15,300000
"Ca_Kho,_Tom_Kho_&_Banh_Phong_Tom_-_Dac_San_Bac_Lieu_-_Shop_Online",Restaurant,Vietnamese,"C44_Pham_Hung,_Xa_Binh_Hung",Binh_Chanh,4,900000
