id,Name,Type,Cuisine,Address,District,Rating,Average
HM_0001,Xien_Que_Tyna_-_Ly_Thuong_Kiet,Restaurant,Vietnamese,5_Ly_Thuong_Kiet,Hoc_Mon,3.65,5000
HM_0002,Banh_Bot_Loc_O_Ngo_-_Shop_Online,Restaurant,Vietnamese,"Nga_Ba_Lam_Son,_Quoc_Lo_22",Hoc_Mon,4,4500
HM_0003,Hot_Vit_Lon_&_An_Vat_-_Song_Hanh_Quoc_Lo_22,Bistro,Vietnamese,19/7D_Song_Hanh_Quoc_Lo_22,Hoc_Mon,3.1,7500
HM_0004,Banh_Trang_Tron_-_Dong_Thanh,Restaurant,Vietnamese,"71/22_Ap_6,_Xa_Dong_Thanh",Hoc_Mon,3.7,10000
HM_0005,Lo_Banh_Mi_Thao_Trang,Bakery,Vietnamese,18B_Nguyen_Van_Bua,Hoc_Mon,3.4,10000
HM_0006,Sua_Chua_Trai_Cay_Bich_-_Shop_Online,Restaurant,Vietnamese,"3/3_Ap_Hung_Lan,_Xa_Ba_Diem",Hoc_Mon,3.4,10000
HM_0007,Che_Thai_-_Nga_3_Chua,Restaurant,Vietnamese,"Nga_Ba_Chua,_To_Ky",Hoc_Mon,3.45,12500
HM_0008,Tra_Sua_Thach_Nha_Lam_-_Song_Hanh_Quoc_Lo_22,Cafe,Vietnamese,"112/36_Song_Hanh_Quoc_Lo_22,_P._Tan_Xuan",Hoc_Mon,3.65,12500
HM_0009,An_Vat_To_Ky,Restaurant,Vietnamese,"24/2_To_Ky,_Xa_Trung_Chanh",Hoc_Mon,3.65,12500
HM_0010,Cafe_Thuy_Truc,Cafe,Vietnamese,1324_Le_Thi_Ha,Hoc_Mon,3.4,13500
HM_0011,Bun_Pham_Nguyen,Bistro,Vietnamese,"16/4F_Xuan_Thoi_2,_X._Xuan_Thoi_Dong",Hoc_Mon,3.1,14000
HM_0012,Tra_Sua_Hang_-_Dong_Lan_-_Ba_Diem,Cafe,Vietnamese,"33/1H_Ap_Dong_Lan,_Xa_Ba_Diem",Hoc_Mon,4.2,12500
HM_0013,Banh_Trang_Thanh_Ha_-_Shop_Online,Restaurant,Vietnamese,"58/4a_Duong_Cong_Khi,_Xa_Xuan_Thoi_Thuong",Hoc_Mon,3.4,13000
HM_0014,Banh_Trang_Tron_Tay_Ninh,Restaurant,Vietnamese,"37/2_Ly_Thuong_Kiet,_KP._3,_To_29,_TT._Hoc_Mon",Hoc_Mon,4.75,15000
HM_0015,Tra_Sua_Happy_-_Nguyen_Thi_Thu,Restaurant,Vietnamese,"30/10_Nguyen_Thi_Thu,_Ap_3,_Xa_Xuan_Thoi_Son",Hoc_Mon,3.75,15000
HM_0016,Banh_Trang_Di_Nam_-_Nam_Lan,Restaurant,Vietnamese,"46/1_Nam_Lan,_P._Ba_Diem",Hoc_Mon,3.1,15000
HM_0017,Bap_Tea_-_Xuan_Thoi_3,Restaurant,Vietnamese,73/3D_Xuan_Thoi_3,Hoc_Mon,4.6,15000
HM_0018,Hao_Van_-_Khoai_Lang_Lac_&_Ga_Ran,Restaurant,Vietnamese,"11/5_Ly_Thuong_Kiet,_TT._Hoc_Mon",Hoc_Mon,4.2,15000
HM_0019,Co_May_Cafe_-_Dong_Thanh_8,Cafe,Vietnamese,"10/1A_Dong_Thanh_8,_Xa_Dong_Thanh",Hoc_Mon,3.4,15000
HM_0020,Tra_Sua_Nha_Lam_-_Nguyen_Anh_Thu,Bistro,Vietnamese,"28/4B_Nguyen_Anh_Thu,_Ba_Diem",Hoc_Mon,3.4,15000
HM_0021,"Quan_Su_Su_-_Mi_Xao,_Cafe_&_Giai_Khat",Bistro,Vietnamese,24/5N_Ap_My_Hue,Hoc_Mon,3.1,17500
HM_0022,Su_Bo_-_Bun_Rieu_Cua_&_Bo_Kho,Bistro,Vietnamese,"Ke_3/8_Nguyen_Thi_Soc,_Ba_Diem",Hoc_Mon,4.15,17500
HM_0023,Tra_Sua_Happy_Life_-_Phan_Van_Doi,Cafe,Vietnamese,"1_Phan_Van_Doi,_Ap_Tien_Lan,_Xa_Ba_Diem",Hoc_Mon,3.4,18000
HM_0024,Ngoc_Loan_-_Banh_Xeo,Bistro,Vietnamese,"153/4_Ap_Trung_Chanh_2_,_Nguyen_Anh_Thu",Hoc_Mon,3.8,19500
HM_0025,Wendy_Takeaway,Restaurant,Vietnamese,31/4P_Dong_Lan_-_Ba_Diem,Hoc_Mon,3.7,14500
HM_0026,Am_Thuc_Chay_Dieu_Thien_8000D,Restaurant,Vietnamese,"16/1H_Nguyen_Anh_Thu,_Xa_Ba_Diem",Hoc_Mon,4.9,16500
HM_0027,Tra_Sua_Ta_Pi_Lu,Restaurant,Vietnamese,15/145_Tran_Khac_Chan,Hoc_Mon,3.65,17500
HM_0028,Tra_Sua_Phi_Yen,Restaurant,Vietnamese,4/2A_Nguyen_Anh_Thu,Hoc_Mon,3.4,17500
HM_0029,Tra_Sua_Ti_Ni,Restaurant,Vietnamese,"69/32_Dong_Thanh_4,_Ap_7_,_Xa_Dong_Thanh",Hoc_Mon,3.4,17500
HM_0030,Quan_Che_Thai_-_Che_Buoi,Bistro,Vietnamese,1131_Nguyen_Anh_Thu,Hoc_Mon,3.65,18500
HM_0031,Dam_Cafe_-_Ap_3,Cafe,Vietnamese,"27/6_Ap_3,_Xa_Xuan_Thoi_Thuong",Hoc_Mon,4.1,19000
HM_0032,Tra_Sua_Coc_Coc_-_Ly_Thuong_Kiet,Restaurant,Vietnamese,37/2_Ly_Thuong_Kiet,Hoc_Mon,4.75,20000
HM_0033,Thanh_Tri_-_Banh_Cuon_&_Banh_Uot,Bistro,Vietnamese,"60/2D_Nguyen_Huu_Cau,_Xa_Trung_Chanh",Hoc_Mon,3.1,20000
HM_0034,Hati_Cafe,Cafe,Vietnamese,24/2_Dang_Thuc_Vinh,Hoc_Mon,3.7,20000
HM_0035,Co_5_-_Bun_Rieu_Cua,Bistro,Vietnamese,"12/4_Tan_Xuan_6,_Xa_Tan_Xuan",Hoc_Mon,3.65,20000
HM_0036,Thich_Tra_Sua,Cafe,Vietnamese,"131_Bui_Cong_Trung,_Xa_Nhi_Binh",Hoc_Mon,3.65,20000
HM_0037,Zipps_Coffee_-_Song_Hanh_Quoc_Lo_22,Cafe,Vietnamese,"43/4B_Song_Hanh_Quoc_Lo_22,_P._Trung_Chanh",Hoc_Mon,4.1,20000
HM_0038,Quan_Bun_Cha_Ca_Quy_Nhon,Bistro,Vietnamese,"39_Le_Van_Khuong,_Xa_Dong_Thanh",Hoc_Mon,3.4,21000
HM_0039,Bun_Mam_Ngoai_O,Bistro,Vietnamese,"60/3G_Tran_Van_Muoi,_Xa_Xuan_Thoi_Thuong",Hoc_Mon,4.4,22500
HM_0040,Bun_Bo_Hue_Bao_Ngoc_-_Tan_Hiep,Bistro,Vietnamese,"2440/28_Song_Hanh_Quoc_Lo_22,_P._Tan_Hiep",Hoc_Mon,3.65,22500
HM_0041,Mi_Quang_Nhat_Tan_-_Song_Hanh_Quoc_Lo_22,Bistro,Vietnamese,"2440/26_Song_Hanh_Quoc_Lo_22,_P._Tan_Hiep",Hoc_Mon,3.65,22500
HM_0042,Bun_Rieu_Cua_-_Qua_An_Binh_Dan,Bistro,Vietnamese,"K41_-_Ap_My_Hoa_4,_Xa_Xuan_Thoi_Dong",Hoc_Mon,3.4,22500
HM_0043,King_-_Bun_Bo_&_Mi_Quang,Bistro,Vietnamese,"68_Ap_Dong_4,_X._Thoi_Tam_Thon",Hoc_Mon,3.4,25000
HM_0044,Smile_Coffee_-_Nguyen_Huu_Cau,Cafe,Vietnamese,56/1S_Nguyen_Huu_Cau,Hoc_Mon,4.05,21000
HM_0045,Che_Nga_Ba_Don_-_Dang_Thuc_Vinh,Restaurant,Vietnamese,"10/1B_Dang_Thuc_Vinh,_Xa_Dong_Thanh",Hoc_Mon,3.4,17500
HM_0046,KIM_YEN_-_Che_-_Tran_Binh_Trong,Bistro,Vietnamese,"13/125_Tran_Binh_Trong,_TT._Hoc_Mon",Hoc_Mon,5,20000
HM_0047,Ga_Ran_HouseLife_-_Dang_Thuc_Vinh,Bistro,Vietnamese,"92/1A_Dang_Thuc_Vinh,_To_85,_Ap_Tam_Dong,_Thoi_Tam_Thon",Hoc_Mon,4.2,20000
HM_0048,Nho_&_Xinh_-_Cafe_&_An_Vat,Cafe,Vietnamese,15/6_Nguyen_Anh_Thu,Hoc_Mon,3.65,20000
HM_0049,Gia_Bao_Linh_Coffee,Cafe,Vietnamese,"Xuan_Thoi_Thuong_22,_Xa_Xuan_Thoi_Thuong",Hoc_Mon,3.4,20000
HM_0050,Banh_Mi_Tuan_Map_-_Quang_Trung,Restaurant,Vietnamese,"59/3_Quang_Trung,_KP8",Hoc_Mon,3.6,21000
HM_0051,Thao_Nguyen_-_Cafe_&_Kem,Cafe,Vietnamese,"57/4B,_Ap_My_Hoa_3,_Xa_Tan_Xuan",Hoc_Mon,3.4,21000
HM_0052,Com_Tam_Co_2,Bistro,Vietnamese,"48/4_Ap_Tan_Thoi_1,_Xa_Tan_Hiep",Hoc_Mon,3.65,22500
HM_0053,An_Vat_12A8,Restaurant,Vietnamese,36/5B_Nguyen_Huu_Cau,Hoc_Mon,3.65,22500
HM_0054,Thanh_Lien_-_Bun_Bo,Bistro,Vietnamese,49/5_Ba_Trieu,Hoc_Mon,3.65,24000
HM_0055,Shalom_Tea_&_Food,Cafe,Vietnamese,"47/5_Dang_Thuc_Vinh,_Thoi_Tam_Thon",Hoc_Mon,4.2,25000
HM_0056,Quan_2A_-_Bun_Thit_Nuong_&_Cha_Gio,Bistro,Vietnamese,"2A_Quoc_Lo_22,_Ap_Dan_Thang_2,_Xa_Tan_Thoi_Nhi",Hoc_Mon,3.7,25000
HM_0057,Ba_Nganh_Cafe_-_Ap_My_Hoa,Cafe,Vietnamese,56/1E_Ap_My_Hoa,Hoc_Mon,3.5,25000
HM_0058,Banh_Canh_Ca_Loc_089,Bistro,Vietnamese,"481_Song_Hanh_Quoc_Lo_22,_P._Tan_Xuan",Hoc_Mon,3.65,25000
HM_0059,Mi_Quang_My_Son,Bistro,Vietnamese,22_Ba_Trieu,Hoc_Mon,3.75,25000
HM_0060,Co_Nghiem_-_Canh_Bun_&_Bun_Rieu,Bistro,Vietnamese,"219_To_Ky,_Xa_Tan_Xuan",Hoc_Mon,3.4,25000
HM_0061,Minh_Nhat_-_Quan_Bun_Gio_Heo,Bistro,Vietnamese,58/11A_Ly_Nam_De,Hoc_Mon,3.9,27500
HM_0062,Com_Tam_Ngon_3C,Bistro,Vietnamese,"12/2A_Quoc_Lo_22,_Ap_My_Hoa_4",Hoc_Mon,3.75,27500
HM_0063,Ason_-_Banh_Canh_Cua_&_Bo_Vien_Gia_Truyen,Bistro,Vietnamese,97/3_Ba_Trieu,Hoc_Mon,3.1,30000
HM_0064,Thien_Ha_Cafe_Kem,Cafe,Vietnamese,"19_Duong_Cong_Khi,_P._Tan_Thoi_Nhi",Hoc_Mon,3.25,24000
HM_0065,The_Barista_Coffee,Cafe,Vietnamese,5/4_Nguyen_Thi_Soc,Hoc_Mon,3.5,22000
HM_0066,Bep_Nha_Nhim_-_Kem_&_Tra_Sua_&_An_Vat,Bistro,Vietnamese,6/11_Le_Thi_Ha,Hoc_Mon,4,22500
HM_0067,Tra_Sua_Thao_J&F,Bistro,Vietnamese,"25/10C_Nguyen_Thi_Thu,_Ap_3,_Xa_Xuan_Thoi_Son",Hoc_Mon,5,22500
HM_0068,Banh_Cong_Co_Hai_Dai_Tam,Bistro,Vietnamese,"56_Song_Hanh_QL_22,_Xa_Trung_Chanh",Hoc_Mon,3.75,22500
HM_0069,Suoi_Da_Cafe,Cafe,Vietnamese,Trung_My_-_Tan_Xuan,Hoc_Mon,3.4,22500
HM_0070,Hands_-_Coffee_&_Kem_Tu_Chon,Cafe,Vietnamese,"36/7_Song_Hanh_QL_22,_Xa_Trung_Chanh",Hoc_Mon,4.95,25000
HM_0071,Phung_Milk_-_Coffee_&_Tra_Sua,Cafe,Vietnamese,"39_Trung_Dong_7,_Xa_Thoi_Tam_Thon",Hoc_Mon,3.4,25000
HM_0072,Che_Thai_Kim_Thoa,Restaurant,Vietnamese,Quang_Trung,Hoc_Mon,4.35,27500
HM_0073,Hoi_An_Mystery_-_Coffee_&_Tea,Cafe,Vietnamese,"257_Dong_Thanh_3,_P._Dong_Thanh",Hoc_Mon,4.2,27500
HM_0074,Com_Ga_Xoi_Mo_-_Dong_Tam,Bistro,Vietnamese,64/1C_Dong_Tam,Hoc_Mon,3.45,27500
HM_0075,Duthe_Pet_House_Coffee_-_Trung_Chanh,Cafe,Vietnamese,"56/1S_Nguyen_Huu_Cau,_Xa_Trung_Chanh",Hoc_Mon,3.65,27500
HM_0076,Vinh_Ky_-_Hu_Tieu_Mi,Bistro,Vietnamese,"3/87_Quoc_Lo_22,_P._Tan_Xuan",Hoc_Mon,3.8,30000
HM_0077,Quan_Pho_U,Bistro,Vietnamese,3/54_Ap_Dinh,Hoc_Mon,3.15,32500
HM_0078,Chito_Cha_-_Coffee_&_Tra_Sua,Cafe,Vietnamese,67/4_Dong_Tam,Hoc_Mon,5,25000
HM_0079,Co_Mai_-_Com_Ga_Xoi_Mo,Bistro,Vietnamese,11A/A_Trung_My_Tay,Hoc_Mon,4.3,28500
HM_0080,Tra_Sua_Mr._Ti_Do_-_Le_Thi_Ha,Cafe,Vietnamese,57_Le_Thi_Ha,Hoc_Mon,3.4,27500
HM_0081,Kong_Tea_-_Ba_Trieu,Cafe,Vietnamese,"10_Ba_Trieu,_TT._Hoc_Mon",Hoc_Mon,4.1,27500
HM_0082,Tra_Sua_Vuong_Bao_-_To_Ky,Restaurant,Vietnamese,"638/7_To_Ky,_P._Tan_Chanh_Hiep",Hoc_Mon,3.1,27500
HM_0083,Hu_Tieu_Susi,Bistro,Vietnamese,"450_To_Ky,_Xa_Thoi_Tam_Thon",Hoc_Mon,3.8,27500
HM_0084,The_Bis_Coffee,Cafe,Vietnamese,"8/3_Le_Thi_Hoa,_P._Tan_Xuan",Hoc_Mon,3.65,28000
HM_0085,Quan_Ganh_Hue_-_Bun_Bo_&_Banh_Hue,Bistro,Vietnamese,"89/2_Do_Van_Day,_Xa_Tan_Hiep",Hoc_Mon,4.85,30000
HM_0086,Ca_Phe_&_Kem_Lano,Cafe,Vietnamese,74_Ba_Trieu,Hoc_Mon,4.1,30000
HM_0087,Bun_Bo_Vi_Hue,Bistro,Vietnamese,"19_Nguyen_Anh_Thu,_Xa_Ba_Diem",Hoc_Mon,3.75,32500
HM_0088,Pho_De_Nhat_Vo_Tuan_-_Quoc_Lo_22,Bistro,Vietnamese,2/22_Quoc_Lo_22,Hoc_Mon,3.3,32500
HM_0089,Com_Ga_Hey_-_Chuyen_Com_Ga_Xoi_Mo,Bistro,Vietnamese,"17/8F_Trung_Vuong_3,_Xa_Trung_Chanh",Hoc_Mon,3.8,32500
HM_0090,Bun_Bo_Vi_Hue_-_Nguyen_Anh_Thu,Bistro,Vietnamese,23/9C_Nguyen_Anh_Thu,Hoc_Mon,3.65,32500
HM_0091,Ding_Tea_-_Nguyen_Huu_Cau,Cafe,Vietnamese,"71_Nguyen_Huu_Cau,_X._Trung_Chanh",Hoc_Mon,3.1,35000
HM_0092,Pho_Yen_-_Nguyen_Van_Bua,Bistro,Vietnamese,122/1A_Nguyen_Van_Bua,Hoc_Mon,4.2,35000
HM_0093,Pho_Bac_Ha,Bistro,Vietnamese,"622A_Nguyen_Anh_Thu,_To_71,_P._Trung_My",Hoc_Mon,3.75,35000
HM_0094,Quan_Guot_-_Mi_Oc_Hen_&_Bun_TomYum,Bistro,Vietnamese,"18/18Q_Tran_Thi_Boc,_Xa_Thoi_Tam_Thon",Hoc_Mon,4.4,35500
HM_0095,Quan_An_Vat_Kim_Tuyen,Restaurant,Vietnamese,Le_Thi_Ha,Hoc_Mon,3.65,27500
HM_0096,Milano_Coffe_-_Nguyen_Thi_Sau,Cafe,Vietnamese,44/4_Nguyen_Thi_Sau,Hoc_Mon,3.4,30500
HM_0097,Hoa_Da_-_Cafe_San_Vuon,Cafe,Vietnamese,"1/5A_Ba_Trieu,_Xa_Tan_Xuan",Hoc_Mon,3.2,32500
HM_0098,"Co_Ba_-_Bun_Bo,_Bo_Kho_&_Bun_Moc_-_Pham_Thi_Giay",Bistro,Vietnamese,"1/3G_Pham_Thi_Giay,_Ap_Tam_Dong,_Xa_Thoi_Tam_Thon",Hoc_Mon,4.2,36000
HM_0099,Beefsteak_86,Bistro,Vietnamese,"145/5B_Trinh_Thi_Mieng,_Xa_Thoi_Tam_Thon",Hoc_Mon,3.4,36500
HM_0100,Quan_Song_Hong_-_Quan_An_Gia_Dinh,Bistro,Vietnamese,"Ap_4,_Xa_Nhi_Binh",Hoc_Mon,3.1,30000
HM_0101,Quan_204_-_Bun_Dau_&_Lau_1_Nguoi,Bistro,Vietnamese,204_Song_Hanh_Quoc_Lo_22,Hoc_Mon,3.8,30000
HM_0102,Tinh_Lang_Cafe_-_To_Ky,Cafe,Vietnamese,5_To_Ky,Hoc_Mon,4,31000
HM_0103,Tra_Sua_Ilacha_-_Nguyen_Anh_Thu,Cafe,Vietnamese,"27/2E_Nguyen_Anh_Thu,_Xa_Trung_Chanh",Hoc_Mon,3.15,32500
HM_0104,S.I.M_Coffee,Cafe,Vietnamese,48/1_Ba_Trieu,Hoc_Mon,4.1,32500
HM_0105,Banh_Khoai_Mo_-_Tran_Van_Muoi,Restaurant,Vietnamese,"58_Tran_Van_Muoi,_Xuan_Thoi_Dong",Hoc_Mon,3.25,35000
HM_0106,Dac_San_Nha_Trang_-_Bun_Cha_Ca,Bistro,Vietnamese,"77/3E_Song_Hanh_Quoc_Lo_22,_P._Tan_Xuan",Hoc_Mon,3.65,35000
HM_0107,Quan_339_-_Oc_&_Hai_San,Bistro,Vietnamese,Nguyen_Huu_Cau,Hoc_Mon,3.4,35000
HM_0108,Com_Ga_Xoi_Mo_Di_7_-_Le_Van_Khuong,Bistro,Vietnamese,36B_Le_Van_Khuong,Hoc_Mon,3.8,37500
HM_0109,Royaltea_-_Le_Thi_Ha,Cafe,Vietnamese,"34/1C_Le_Thi_Ha,_Xa_Tan_Xuan",Hoc_Mon,4,40000
HM_0110,Am_Thuc_Cau_Lon,Bistro,Vietnamese,76A_Nguyen_Van_Bua,Hoc_Mon,3.65,40000
HM_0111,Pho_Que_Huong_-_Le_Thi_Ha,Bistro,Vietnamese,170_Le_Thi_Ha,Hoc_Mon,3.4,40000
HM_0112,Hanh_-_Quan_Oc_Binh_Dan,Restaurant,Vietnamese,"27C_Nguyen_Anh_Thu,_Xa_Ba_Diem",Hoc_Mon,3.65,42500
HM_0113,Sweetie_-_Coffee_&_Milk_Tea,Cafe,Vietnamese,"107A_Tran_Van_Muoi,_Xa_Xuan_Thoi_Thuong",Hoc_Mon,4.8,35000
HM_0114,Bun_Dau_Cochi,Bistro,Vietnamese,"HQC_Plaza,_15_Nguyen_Thi_Soc,_Xa_Xuan_Thoi_Dong",Hoc_Mon,3.4,40000
HM_0115,Vua_Bun_Moc_Ha_Noi_-_Song_Hanh,Bistro,Vietnamese,"66_Song_Hanh,_Xa_Trung_Chanh",Hoc_Mon,3.4,42500
HM_0116,Hoa_Mai_Quan_-_Com_&_Bun_Thit_Nuong,Bistro,Vietnamese,"22/7C_Do_Van_Day,_Xa_Tan_Hiep",Hoc_Mon,3.65,36000
HM_0117,Steak_Bin_&_Pizza_-_Nguyen_Anh_Thu,Bistro,Vietnamese,"77/6_Nguyen_Anh_Thu,_Xa_Trung_Chanh",Hoc_Mon,4.4,37500
HM_0118,Kem_Tu_Chon_Mr._Banh,Cafe,Thailand,"9/2_To_Ky,_Ap_My_Hue,_Xa_Trung_Chanh",Hoc_Mon,4.2,39500
HM_0119,Ganh_Dau_-_Bun_Dau_Mam_Tom,Bistro,Vietnamese,47/5D_Nguyen_Huu_Cau,Hoc_Mon,3.55,33500
HM_0120,Ngan_Thi_-_Bun_Dau_Mam_Tom,Bistro,Vietnamese,"56/1_Phan_Van_Hon,_P._Ba_Diem",Hoc_Mon,3.4,45000
HM_0121,7_Hoa_-_Bo_Bit_Tet,Bistro,Vietnamese,"Le_Thi_Ha,_Xa_Tan_Xuan",Hoc_Mon,4.3,52500
HM_0122,Bun_Dau_Met_-_Song_Hanh,Bistro,Vietnamese,"173/1C_Song_Hanh_Quoc_Lo_22,_Xa_Trung_Chanh",Hoc_Mon,5,47000
HM_0123,Yaourt_&_Sua_Bo_Tuoi_-_Shop_Online,Restaurant,Vietnamese,"Ap_3,_Xa_Nhi_Binh",Hoc_Mon,3.4,50000
HM_0124,9Thbistro_-_Tra_Sua_&_An_Vat,Cafe,Vietnamese,15/1C_Nguyen_Huu_Cau,Hoc_Mon,4.05,42500
HM_0125,Family_Food_&_Milk_Tea,Cafe,Vietnamese,"1/5B_Nguyen_Anh_Thu,_Xa_Trung_Chanh",Hoc_Mon,4.05,43500
HM_0126,Oc_Gia_Dinh,Bistro,Vietnamese,"54/1A_Trung_Lan,_Ba_Diem",Hoc_Mon,3.45,50000
HM_0127,Banh_Pia_Soc_Trang_-_Nguyen_Anh_Thu,Bakery,Vietnamese,133/4_Nguyen_Anh_Thu,Hoc_Mon,3.4,52500
HM_0128,Quan_Khong_Ten_-_Ba_Trieu,Bistro,French,"89/4_Ba_Trieu,_TT._Hoc_Mon",Hoc_Mon,3.6,41000
HM_0129,Goc_An_Vat_-_Nguyen_Anh_Thu,Restaurant,Vietnamese,"22_Nguyen_Anh_Thu,_Xa_Ba_Diem",Hoc_Mon,3.95,43500
HM_0130,Thai_Gia_-_Ga_Ran_&_Xien_Que,Bistro,Vietnamese,"D43_Duong_So_3,_Xa_Xuan_Thoi_Dong",Hoc_Mon,3.65,44000
HM_0131,Paderborner_Bia_Duc,Bistro,Vietnamese,"8/2E_Ngo_Quyen,_P._Xuan_Thoi_Dong",Hoc_Mon,4.6,55000
HM_0132,Banh_Nha_Lam_-_Shop_Online,Restaurant,Vietnamese,"40/65/5C_Ap_4,_Xa_Dong_Thanh",Hoc_Mon,3.4,67500
HM_0133,Mr._Ti_Do_-_Tra_Sua_&_Mon_Han,Restaurant,Vietnamese,"92/4_Nguyen_Anh_Thu,_Xa_Trung_Chanh",Hoc_Mon,3.4,56500
HM_0134,An_Vat_Online_-_Ba_Diem_12,Restaurant,Japanese,Ba_Diem_12,Hoc_Mon,4,55000
HM_0135,Oc_Tan_Hiep,Bistro,Vietnamese,Le_Loi,Hoc_Mon,3.7,60000
HM_0136,IceLand_-_Bingsu_&_Food,Cafe,Vietnamese,66/7C_Song_Hanh_QL_22,Hoc_Mon,3.1,60000
HM_0137,Korean_Quan_-_Am_Thuc_Han_Quoc,Bistro,Korean,"26/10B_Tran_Van_Muoi,_Xa_Xuan_Thoi_Dong",Hoc_Mon,3.8,60000
HM_0138,Den_Trang_Club,Bar,Vietnamese,"61/2A_Ap_Nam_Lan,_Xa_Ba_Diem",Hoc_Mon,3.75,75000
HM_0139,Lau_Nuong_Tan_Lac_Vien,Bistro,Vietnamese,13_Nguyen_Van_Bua,Hoc_Mon,3.4,75000
HM_0140,Hanh_Hoa_Quan_-_Phan_Van_Doi,Bistro,Vietnamese,32/22_Phan_Van_Doi,Hoc_Mon,3.5,79000
HM_0141,Yogoz_Ice_Cream_&_Fast_Food_-_Pizza,Cafe,Vietnamese,38/5_Le_Thi_Ha,Hoc_Mon,3.95,67500
HM_0142,Co_Ba_Nu_-_Chao_Bau,Bistro,Vietnamese,"28/8_Ap_Trung_Dong,_Xa_Thoi_Tam_Thon",Hoc_Mon,3.15,70000
HM_0143,De_Nhat_-_De_Tuoi_Ninh_Binh,Bistro,Vietnamese,"3_Dang_Thuc_Vinh,_Xa_Dong_Thanh",Hoc_Mon,4.75,104500
HM_0144,Trung_Thai_Tu_-_Quan_An_Gia_Dinh,Bistro,Vietnamese,"17/8_Duong_So_7,_Ap_My_Hoa_2",Hoc_Mon,3.4,110000
HM_0145,Quan_Bien_Nuong_-_Hai_San_Tuoi_Song,Bistro,Vietnamese,"1/5_Do_Van_Day,_X._Tan_Hiep",Hoc_Mon,4.2,88000
HM_0146,Xien_Met_-_Khoai_Lang_Mat,Restaurant,Vietnamese,47/5F_Song_Hanh,Hoc_Mon,3.4,77500
HM_0147,Oc_Ngon_-_Song_Hanh_Quoc_Lo_22,Bistro,Vietnamese,19_Song_Hanh_Quoc_Lo_22,Hoc_Mon,3.55,85000
HM_0148,Oc_Tieu_Quan,Restaurant,Vietnamese,"205A_Nguyen_Thi_Ngau,_Xa_Thoi_Tam_Thon",Hoc_Mon,3.4,87500
HM_0149,Mi_Linh_Quan_-_Lau_Ga_Noi_&_Cac_Mon_Nhau_Binh_Dan,Bistro,Vietnamese,"53D/1_Song_Hanh_Quoc_Lo_22,_Xa_Tan_Xuan",Hoc_Mon,3.4,87500
HM_0150,Tim_Gi_Cung_Co_-_Nha_Hang_Ca_Phe_San_Vuon,Restaurant,Vietnamese,"111/8C_Song_Hanh,_Xa_Tan_Hiep",Hoc_Mon,3.85,90000
HM_0151,Quan_Nhau_Chuot_Dong,Bistro,Vietnamese,"57/4_Duong_Cong_Khi,_Xa_Xuan_Thoi_Thuong",Hoc_Mon,3.1,90000
HM_0152,Quan_An_Gia_Dinh_189_-_Hai_San_Tuoi_Song,Bistro,Vietnamese,"180/3E_Song_Hanh_Quoc_Lo_22,_P._Tan_Xuan",Hoc_Mon,3.65,90000
HM_0153,An_Vat_Dai_Loan_-_Shop_Online,Restaurant,Taiwanese,"257/8_Dong_Thanh_3,_Xa_Dong_Thanh",Hoc_Mon,3.4,90000
HM_0154,Hung_Phu_-_Quan_Lau_De,Bistro,Vietnamese,"158B_Nguyen_Anh_Thu,_Xa_Thoi_Tam_Thon",Hoc_Mon,3.9,110000
HM_0155,Bun_Dau_Met_Tron_-_Nguyen_Anh_Thu,Bistro,Vietnamese,"31/3_Nguyen_Anh_Thu,_Xa_Ba_Diem",Hoc_Mon,3.4,115000
HM_0156,Banh_Mix_Dai_Loan_Soul_Mate_-_Shop_Onilne,Restaurant,Vietnamese,"54/3A_Nguyen_Thi_Hue,_Ap_Hau_Lan,_Xa_Ba_Diem",Hoc_Mon,3.65,150000
HM_0157,Phat_Dat_-_Tiem_Banh,Bakery,Vietnamese,"115/3_Phan_Van_Hon,_Xa_Ba_Diem",Hoc_Mon,3.4,115000
HM_0158,Lau_Ga_Ot_Hiem_109_-_Phan_Van_Hon,Bistro,Vietnamese,"56/8_Phan_Van_Hon,_Xa_Ba_Diem",Hoc_Mon,3.6,99000
HM_0159,De_Tuoi_Cat_Linh,Bistro,Vietnamese,123/A2_Phan_Van_Hon,Hoc_Mon,3.4,97500
HM_0160,Satra_Bakery_&_Cafe,Bakery,Vietnamese,1242_To_Ky,Hoc_Mon,3.3,105000
HM_0161,Oc_207,Restaurant,Vietnamese,"2/107_Le_Thi_Ha,_Xa_Tan_Xuan",Hoc_Mon,3.65,112500
HM_0162,Ba_Gac_Nuong_&_Bia_-_Song_Hanh,Bistro,Vietnamese,"181/1_Song_Hanh,_Ap_Trung_Chanh_2,_Xa_Trung_Chanh",Hoc_Mon,3.15,115000
HM_0163,Sweet's_Land_-_Tiem_Banh_Online,Restaurant,Vietnamese,"340_Trinh_Thi_Mieng,_Ap_Tam_Dong",Hoc_Mon,3.65,115000
HM_0164,Quan_Nhau_Thanh_Loan,Bistro,Vietnamese,Thoi_Tam_Thon_6,Hoc_Mon,3.4,115000
HM_0165,Do_An_Vat_Sieu_Ngon_Miloshop_-_Shop_Online,Restaurant,Vietnamese,"40/3A_Ap_Hung_Lan,_P._Ba_Diem",Hoc_Mon,3.4,115000
HM_0166,6_Vinh_-_Ga_Hap_Hem,Bistro,Vietnamese,"1/132B_Ap_Dinh,_Tan_Xuan",Hoc_Mon,3.25,125000
HM_0167,Lau_Bo_Ba_Duonl,Bistro,Vietnamese,"Duong_Song_Hanh,_Ap_Tan_Thoi_2",Hoc_Mon,4.2,125000
HM_0168,Am_Thuc_Lang_Tre_-_Chao_Bau_&_Cac_Mon_Dan_Da,Bistro,Vietnamese,"Duong_T4,_Xa_Thoi_Tam_Thon",Hoc_Mon,3.65,125000
HM_0169,Sau_Tam_2_-_Bo_To_Tay_Ninh,Bistro,Vietnamese,"1/71A_Le_Thi_Ha,_Xa_Tan_Xuan",Hoc_Mon,3.4,140000
HM_0170,Ga_Ran_Chicken_Plus_-_Phan_Van_Hon,Bistro,Vietnamese,"51/5_Phan_Van_Hon,_Xa_Ba_Diem",Hoc_Mon,3.1,127000
HM_0171,Quan_34_-_Nguyen_Thi_Thu,Bistro,Vietnamese,"52/4_Nguyen_Thi_Thu,_Ap_3,_Xa_Xuan_Thoi_Son",Hoc_Mon,4.5,150000
HM_0172,Buffet_123_Nuong_Ngon_-_Song_Hanh_Quoc_Lo_22,Restaurant,Vietnamese,"45/4_Song_Hanh_Quoc_Lo_22,_P._Trung_Chanh",Hoc_Mon,4.5,186500
HM_0173,Quan_An_Huu_Nghi,Bistro,Vietnamese,"47/5_Ap_Thoi_Tu,_Xa_Thoi_Tam_Thon",Hoc_Mon,4.1,165000
HM_0174,The_Little_Love_-_Am_Thuc_Han_Thai_Nhat,Restaurant,Japanese,"56/1_Nguyen_Huu_Cau,_X._Trung_Chanh",Hoc_Mon,3.85,175000
HM_0175,Am_Thuc_Nui_Ngu_-_Song_Hanh_Quoc_Lo_22,Bistro,Vietnamese,"25/2A_Song_Hanh_Quoc_Lo_22,_P._Trung_Chanh",Hoc_Mon,3.65,187500
HM_0176,Am_Thuc_Ca_Nhac_Song_Tram_Chim,Bistro,Vietnamese,"27/6_Ap_Chanh,_X._Tan_Xuan",Hoc_Mon,3.8,200000
HM_0177,Hung_Thinh_-_He_Thong_Bo_Vang,Bistro,Vietnamese,45/2_Song_Hanh_QL_22,Hoc_Mon,3.65,205000
HM_0178,Tieu_Nhi_-_Cau_Tom_Giai_Tri,Bistro,Vietnamese,"95/7A_Pham_Thi_Giay,_Xa_Thoi_Tam_Thon",Hoc_Mon,4.65,197500
HM_0179,Lang_Chai_Restaurant_-_Hai_San_Tuoi_Song,Restaurant,Vietnamese,2/108H_Song_Hanh_QL_22,Hoc_Mon,3.7,225000
HM_0180,Banh_Kem_Tam_Thinh_Phat,Bakery,Vietnamese,"165_Dang_Thuc_Vinh,_Xa_Dong_Thanh",Hoc_Mon,3.75,255000
HM_0181,Hai_San_Gan_Nha_-_Quan_An_Gia_Dinh,Bistro,Vietnamese,"32/9_Nguyen_Anh_Thu,_Xa_Ba_Diem",Hoc_Mon,4.2,344500
HM_0182,Banh_Hue_Dac_San_-_Shop_Online,Restaurant,Vietnamese,"22/6D_Dong_Tam,_Ap_My_Hoa_1,_X._Trung_Chanh",Hoc_Mon,3.5,3500
HM_0183,Xien_Que_-_Song_Hanh_Quoc_Lo_22,Bistro,Vietnamese,"Song_Hanh_Quoc_Lo_22,_Xa_Tan_Xuan",Hoc_Mon,3.35,7000
HM_0184,"Cafe,_Nuoc_Mia_&_Cam_Vat",Cafe,Vietnamese,"2440/28_Song_Hanh_Quoc_Lo_22,_Xa_Tan_Hiep",Hoc_Mon,3.1,7500
HM_0185,Banh_Tranh_Tron,Restaurant,Vietnamese,"56/1_Phan_Van_Hon,_Xa_Xuan_Thoi_Thuong",Hoc_Mon,4.2,7500
HM_0186,Sua_Chua_Homemade,Restaurant,Vietnamese,"43/9D_Ap_Hau_Lan,_Xa_Ba_Diem",Hoc_Mon,3.8,8000
HM_0187,Banh_Trang_Sate_Toi_Bao_Bao,Restaurant,Vietnamese,G41/1_Ap_My_Hoa_2,Hoc_Mon,3.65,10000
HM_0188,Tra_Sua_Qua_Ngon,Restaurant,Vietnamese,22M2_Nguyen_Anh_Thu,Hoc_Mon,3.4,10000
HM_0189,Che_Truyen_Thong_Dung_63,Restaurant,Vietnamese,"35/5D_Trung_My,_Xa_Tan_Xuan",Hoc_Mon,3.9,10000
HM_0190,Rua_Coffee,Cafe,Vietnamese,"54_Song_Hanh_QL22,_Xa_Tan_Xuan",Hoc_Mon,4.6,13000
HM_0191,"Vu_-_Sam_Bo_Luong,_Banh_Flan_&_Giai_Khat",Restaurant,Vietnamese,"92/5_Nguyen_Van_Bua,_Ap_6,_Xa_Xuan_Thoi_Son",Hoc_Mon,4.8,10000
HM_0192,Mickey_Cafe_Kem,Cafe,Vietnamese,Tan_Xuan_16,Hoc_Mon,4.5,10000
HM_0193,L.A_Quan_-_Xien_Nuong_&_Da_Bao_Mat_Trai_Cay,Restaurant,Vietnamese,"4/10_Thi_Tran_Tan_Hiep,_TT._Hoc_Mon",Hoc_Mon,3.65,10000
HM_0194,Che_Thai_Phon_Nganh,Restaurant,Thailand,Quang_Trung,Hoc_Mon,4.5,10500
HM_0195,Bap_Nuong_-_Song_Hanh,Restaurant,Vietnamese,40_Song_Hanh,Hoc_Mon,4.3,11000
HM_0196,Banh_Trang_Nuong_Da_Lat_-_Nguyen_Thi_Thu,Restaurant,Vietnamese,7/4_Nguyen_Thi_Thu,Hoc_Mon,3.65,11000
HM_0197,Banh_Trang_Co_Hanh,Restaurant,Vietnamese,"21/5C_Ap_My_Hoa_1,_Xa_Trung_Chanh",Hoc_Mon,4.5,12500
HM_0198,Tra_Sua_Kitty_-_Nguyen_Can_Bua,Restaurant,Vietnamese,"73B_Nguyen_Van_Bua,_Ap_5,_Xa_Xuan_Thoi_Son",Hoc_Mon,3.75,12500
HM_0199,Quan_Com_Chay_Hoang_An,Restaurant,Vietnamese,"100_Le_Van_Khuong,_Xa_Dong_Thanh",Hoc_Mon,3.5,13500
HM_0200,Galaxy_Cafe,Cafe,Vietnamese,"36/2D_Le_Thi_Ha,_Xa_Tan_Xuan",Hoc_Mon,3.65,13500
HM_0201,Banh_Trang_Nuong_Da_Lat_-_Pho_Pio,Restaurant,Vietnamese,"4/1_Pio,_Xa_Tan_Xuan",Hoc_Mon,4.55,13000
HM_0202,Tra_Sua_Zipper_-_Nguyen_Huu_Cau,Restaurant,Vietnamese,15/1_Nguyen_Huu_Cau,Hoc_Mon,3.4,14500
HM_0203,Tri_Ky_Coffee,Cafe,Vietnamese,"178_MH4,_Ap_3,_Xuan_Thoi_Thuong",Hoc_Mon,3.4,14000
HM_0204,Tra_Sua_Zipper_-_Nguyen_Anh_Thu,Restaurant,Vietnamese,"Nguyen_Anh_Thu,_Xa_Tan_Xuan",Hoc_Mon,3.7,15000
HM_0205,MK_-_Tra_Sua_&_An_Vat,Restaurant,Vietnamese,"8/2D_Nhi_Binh_16,_Ap_3,_Xa_Nhi_Binh",Hoc_Mon,3.65,10500
HM_0206,"Bun_Xao,_Goi_Du_Du_&_Goi_Cuon",Restaurant,Vietnamese,30/1_Ly_Thuong_Kiet,Hoc_Mon,5,11500
HM_0207,Tra_Sua_Taro_-_Dong_Thanh_6,Cafe,Vietnamese,"221/50_Dong_Thanh_6,_Ap_5,_Xa_Dong_Thanh",Hoc_Mon,3.65,12500
HM_0208,An_Vat_Chi_Ai,Restaurant,Vietnamese,77/3A_Ap_My_Hue,Hoc_Mon,3.4,13500
HM_0209,Co_Thuy_-_Tra_Sua_&_Banh_Trang,Restaurant,Vietnamese,72/6_Trung_My,Hoc_Mon,3.65,14000
HM_0210,5th_Street_Cafe,Cafe,Vietnamese,"Duong_So_5,_Xa_Xuan_Thoi_Dong",Hoc_Mon,3.5,14000
HM_0211,Pha_Lau_Lion,Restaurant,Vietnamese,Bui_Cong_Trung,Hoc_Mon,4.6,15000
HM_0212,K.O_247_Coffee,Cafe,Vietnamese,"100/4_Nguyen_Anh_Thu,_Xa_Ba_Diem",Hoc_Mon,4.2,15000
HM_0213,Lu_Kien_-_Milktea_&_Coffee,Cafe,Vietnamese,33/1_Le_Thi_Ha,Hoc_Mon,4.8,15000
HM_0214,Tra_Sua_222,Restaurant,Vietnamese,"22/2e_Tan_Xuan_6,_Ap_Chanh_2,_Xa_Tan_Xuan",Hoc_Mon,3.65,15000
HM_0215,Banh_Beo_Ganh,Restaurant,Vietnamese,Tran_Thi_Boc,Hoc_Mon,3.4,15000
HM_0216,Banh_Xeo_Mien_Tay,Bistro,Vietnamese,121/3_Ap_Tay_Lan,Hoc_Mon,3.4,15000
HM_0217,Ga_Ran_Minh_Nguyen,Restaurant,Vietnamese,"162_Nguyen_Anh_Thu,_Xa_Thoi_Tam_Thon",Hoc_Mon,3.4,15000
HM_0218,Milano_Coffee_-_Bin_Bin,Cafe,Vietnamese,"93/8_Trung_My_,_Ap_Tan_Xuan,_Xa_My_Hoa_1",Hoc_Mon,4.1,16000
HM_0219,Banh_Mi_Hoang_Quan,Bistro,Vietnamese,"37/2C_Song_Hanh_Quoc_Lo_22,_P._Trung_Chanh",Hoc_Mon,3.65,16000
HM_0220,Bun_Rieu_Cua_15k,Bistro,Vietnamese,"59_Ba_Trieu,_To_22,_KP_1",Hoc_Mon,3.7,17500
HM_0221,"Quan_Bi_Bi_-_Hu_Tieu,_Bun_Rieu_&_Bo_Kho",Bistro,Vietnamese,1/17A_Hung_Lan,Hoc_Mon,4.2,17500
HM_0222,Quan_Che_Cho_Hoc_Mon,Restaurant,Vietnamese,"Cho_Hoc_Mon,_Trung_Nu_Vuong",Hoc_Mon,3.65,17500
HM_0223,Quan_Cay_Xoai_-_Cac_Mon_An_Vat,Restaurant,Vietnamese,"1/10B_Ba_Diem_5,_X._Ba_Diem",Hoc_Mon,3.4,17500
HM_0224,Sinh_To_&_Nuoc_Ep_Trai_Cay_-_Tran_Thi_Boc,Restaurant,Vietnamese,"4_Tran_Thi_Boc,_P._Thoi_Tam_Thon",Hoc_Mon,3.4,17500
HM_0225,Tra_Sua_Nha_Lam_-_Ap_Tien_Lan,Cafe,Vietnamese,47/3A_Ap_Tien_Lan,Hoc_Mon,3.4,17500
HM_0226,Hu_Tieu_-_Phan_Van_Doi,Bistro,Vietnamese,"43/2k_Ap_Tien_Lan,_Xa_Ba_Diem",Hoc_Mon,3.4,17500
HM_0227,Pho_Bo_-_Duong_So_1,Bistro,Vietnamese,"A22_Duong_So_1,_Ap_My_Hoa_2,_Xa_Xuan_Thoi_Dong",Hoc_Mon,3.65,18500
HM_0228,Hu_Tieu_Chay_Hoang_Quan,Restaurant,Vietnamese,Song_Hanh_QL_22,Hoc_Mon,4.1,18500
HM_0229,Banh_Kem_Nhat_Ban_-_Shop_Online,Restaurant,Japanese,"77/6B_Nguyen_Anh_Thu,_Xa_Trung_Chanh",Hoc_Mon,3.4,18500
HM_0230,Kim_Bum_-_Com_Trua_&_Ca_Phe,Bistro,Vietnamese,"82B_Bui_Cong_Trung,_Xa_Dong_Thanh",Hoc_Mon,3.1,19000
HM_0231,Com_Tam_39,Bistro,Vietnamese,39_Ba_Trieu,Hoc_Mon,3.85,19000
HM_0232,Quan_Com_Gai_Map,Bistro,Vietnamese,"18/3_Phan_Van_Hon,_P._Ba_Diem",Hoc_Mon,3.65,20000
HM_0233,Com_Binh_Dan_-_154_Song_Hanh_Quoc_Lo_22,Bistro,Vietnamese,"154/5_Song_Hanh_Quoc_Lo_22,_P._Tan_Xuan",Hoc_Mon,3.65,20000
HM_0234,Tra_Sua_BEAR_TEA_-_Tra_Sua_Nha_Lam_-_Ba_Diem_9,Cafe,Vietnamese,"6/2_Ba_Diem_9,_Ba_Diem",Hoc_Mon,4.5,17000
HM_0235,Tra_Sua_Bi_-_Nguyen_Van_Bua,Cafe,Vietnamese,24_Nguyen_Van_Bua,Hoc_Mon,3.4,17000
HM_0236,Kebab_Torki_-_Tran_Thi_Boc,Restaurant,Asian,4/14_Tran_Thi_Boc,Hoc_Mon,5,19500
HM_0237,Tra_Sua_ICY_-_Bui_Chu,Cafe,Vietnamese,2/3_Bui_Chu,Hoc_Mon,3.4,20000
HM_0238,Cat_Tien_-_Com_Binh_Dan_-_Nguyen_Thi_Thanh,Bistro,Vietnamese,"70/5Q_Nguyen_Thi_Thanh,_X._Thoi_Tam_Thon",Hoc_Mon,3.4,22000
HM_0239,The_Gioi_Mi_-_Shop_Online,Restaurant,Italian,72_To_Ky,Hoc_Mon,3.4,17000
HM_0240,Che_Thai_Ty_Do_-_Song_Hanh_Quoc_Lo_22,Cafe,Vietnamese,"153/5_Song_Hanh_Quoc_Lo_22,__P._Tan_Xuan",Hoc_Mon,3.65,15000
HM_0241,Mr._Thinh_-_Khoai_Lang_Lac_&_Ga_Ran_-_Nguyen_Thi_Soc,Restaurant,Vietnamese,15/G14_Nguyen_Thi_Soc,Hoc_Mon,4.2,17500
HM_0242,Ngoc_Chi_Cafe,Cafe,Vietnamese,119_Phan_Van_Hon,Hoc_Mon,3.75,17500
HM_0243,Xoi_Ga_-_Quan_An_Binh_Dan,Restaurant,Vietnamese,125/5_Le_Loi,Hoc_Mon,3.4,17500
HM_0244,Quan_Nuoc_Trai_Cay_Bon_Mua,Restaurant,Vietnamese,59_Phan_Van_Hon,Hoc_Mon,3.4,17500
HM_0245,Com_Chay_Tu_Giac,Restaurant,Vietnamese,"Trung_Nu_Vuong,_Thi_Tran_Hoc_Mon",Hoc_Mon,3.4,17500
HM_0246,Milano_Coffee_-_Song_Hanh_Quoc_Lo_22,Cafe,Vietnamese,"37/3B_Song_Hanh_Quoc_Lo_22,_P._Tan_Xuan",Hoc_Mon,3.65,18500
HM_0247,Hoang_Long_Coffee_-_Pham_Thi_Giay,Cafe,Vietnamese,145/5G_Pham_Thi_Giay,Hoc_Mon,3.4,18500
HM_0248,Phut_Tam_Giao_Cafe,Cafe,Vietnamese,"56/6A_Ap_Chanh_1,_Xa_Tan_Xuan",Hoc_Mon,3.8,19500
HM_0249,Tra_Sua_Helen,Cafe,Vietnamese,38/2_Duong_Xuan_Thoi_7,Hoc_Mon,4.6,20000
HM_0250,Com_Tam_Hanh_Phuc,Bistro,Vietnamese,"156/5_Trinh_Thi_Mieng,_Ap_Tam_Dong",Hoc_Mon,3.1,20000
HM_0251,Bun_Bo_&_Bun_Rieu_Thuy_Tien,Bistro,Vietnamese,Song_Hanh,Hoc_Mon,3.65,20000
HM_0252,Bun_Rieu_Co_Nam_-_Le_Loi,Bistro,Vietnamese,12/2a_Le_Loi,Hoc_Mon,4.5,20000
HM_0253,Hanh_Phuc_-_Com_Tam,Bistro,Vietnamese,"4/4_Huong_Lo_80B,_Xa_Dong_Thanh",Hoc_Mon,4.2,20000
HM_0254,Tra_Sua_Heerotea,Cafe,Vietnamese,185C_Phan_Van_Doi,Hoc_Mon,4.1,20000
HM_0255,Mocha_MilkTea_-_Ap_Bac_Lan,Cafe,Vietnamese,"11/12_Ap_Bac_Lan,_P._Ba_Diem",Hoc_Mon,3.4,20000
HM_0256,Goc_An_Chay_Thien_Dinh,Restaurant,Vietnamese,"2/10_Nguyen_Thi_Soc,_Xa_Ba_Diem",Hoc_Mon,3.4,20000
HM_0257,Banh_Beo_Bi_Hoc_Mon,Restaurant,Vietnamese,18/6B_Le_Loi,Hoc_Mon,4.6,22500
HM_0258,Pho_Cho_Dong_Thanh,Bistro,Vietnamese,Cho_Dong_Thanh_-_Xa_Dong_Thanh,Hoc_Mon,3.5,22500
HM_0259,Mi_Quang_-_My_Hoa,Bistro,Vietnamese,"93/8_Ap_My_Hoa_1,_Trung_Chanh",Hoc_Mon,4.2,22500
HM_0260,Ngoc_Nam_Quan_-_Bun_Cha_Ha_Noi,Bistro,Vietnamese,"49_Phan_Van_Hon,_Xa_Ba_Diem",Hoc_Mon,3.4,22500
HM_0261,Ngoc_Ky_-_Com_Ga_Xoi_Mo_-_Nguyen_Anh_Thu,Bistro,Vietnamese,"88/6A_Nguyen_Anh_Thu,_Ap_Tay_Lan,_X._Ba_Diem",Hoc_Mon,3.4,22500
HM_0262,Bun_Rieu_Gio_Cha,Bistro,Vietnamese,"41_Song_Hanh_Quoc_Lo_22,_P._Trung_Chanh",Hoc_Mon,3.4,22500
HM_0263,Com_Tam_Duong_Pho_-_Le_Van_Khuong,Bistro,Vietnamese,"145A_Le_Van_Khuong,_Xa_Dong_Thanh",Hoc_Mon,3.75,23500
HM_0264,"Meo_-_Tra_Sua,_Kem_Cuon_&_Xien_Que",Restaurant,Vietnamese,82/4_Ba_Trieu,Hoc_Mon,3.4,19000
HM_0265,Tiem_Tra_Sua_&_Banh_Ngot_Hong_Anh,Restaurant,Vietnamese,26/2_Ap_2_Bui_Cong_Trung,Hoc_Mon,3.65,23000
HM_0266,Kingcha_-_Tra_Sua_&_Tra_Trai_Cay,Cafe,Taiwanese,"51_Dang_Thuc_Vinh,_Xa_Thoi_Tam_Thon",Hoc_Mon,5,22000
HM_0267,Ngon_Nhat_Bakery_-_Quang_Trung,Bakery,Vietnamese,2/16_Quang_Trung,Hoc_Mon,3.65,17500
HM_0268,Cuc_Cu_Cafe_-_Bui_Thi_Lung,Cafe,Vietnamese,3/7P_Bui_Thi_Lung,Hoc_Mon,3.1,19000
HM_0269,Coffee_Bean_Sai_Gon_-_Trung_My__-_Tan_Xuan,Cafe,Vietnamese,29/5B_Trung_My_-_Tan_Xuan,Hoc_Mon,3.1,20000
HM_0270,Tra_Sua_LaLa,Cafe,Vietnamese,"71/16_Ap_6,_Xa_Dong_Thanh",Hoc_Mon,4,20000
HM_0271,Goc_Da_Lat_-_Am_Thuc_Da_Lat,Bistro,Vietnamese,"20/6A_Nguyen_Anh_Thu,_Xa_Ba_Diem",Hoc_Mon,3.7,20000
HM_0272,Tra_Sua_Doreamon_-_Song_Hanh_Quoc_Lo_22,Cafe,Vietnamese,"5/8_Song_Hanh_Quoc_Lo_22,_P._Tan_Xuan",Hoc_Mon,3.65,20000
HM_0273,Ngo_Cofee_&_Tea,Cafe,Vietnamese,"88/7_Nguyen_Anh_Thu,_Xa_Ba_Diem",Hoc_Mon,3.4,20000
HM_0274,Coffee_Diem_Hen_-_Song_Hanh_Quoc_Lo_22,Cafe,Vietnamese,"45/2D_Song_Hanh_Quoc_Lo_22,_P._Trung_Chanh",Hoc_Mon,3.65,21000
HM_0275,Bo_Kho_Co_Thuy,Bistro,Vietnamese,17/1_Trung_Nu_Vuong,Hoc_Mon,3.4,21000
HM_0276,Thuan_Chay_Phuoc_Dang,Restaurant,Vietnamese,"185_Tan_Thoi_3,_Xa_Tan_Hiep",Hoc_Mon,4.5,22500
HM_0277,Quan_I'_HOME_-_Tra_Sua,Cafe,Vietnamese,Le_Thi_Ha,Hoc_Mon,3.65,22500
HM_0278,Banh_Cuon_&_Banh_Uot_Nong,Bistro,Vietnamese,"5/4_Ap_My_Hue,_To_Ky,_Xa_Trung_Chanh",Hoc_Mon,3.1,22500
HM_0279,Bun_Bo_Gia_Hoi,Bistro,Vietnamese,57/9_Phan_Van_Hon,Hoc_Mon,3.05,22500
HM_0280,Tra_Sua_Mini,Restaurant,Vietnamese,38_Ba_Trieu,Hoc_Mon,3.6,22500
HM_0281,Cay_Bang_2_-_Ca_Phe_San_Vuon,Cafe,Vietnamese,6/1_Dang_Thuc_Vinh,Hoc_Mon,3.9,22500
HM_0282,Kong_Tea_-_Nguyen_Huu_Cau,Cafe,Vietnamese,"29/3D_Nguyen_Huu_Cau,_Ap_Van_Hanh,_Xa_Trung_Chanh",Hoc_Mon,3.8,22500
HM_0283,Pho_A_Tuan_-_Song_Hanh_Quoc_Lo_22,Bistro,Vietnamese,"188_Song_Hanh_Quoc_Lo_22,_P._Tan_Xuan",Hoc_Mon,4.1,22500
HM_0284,Banh_Beo_&_Banh_Bot_Loc_Hue,Restaurant,Vietnamese,"123/3_Nguyen_Anh_Thu,_Ap_Trung_Chanh_1,_Xa_Trung_Chanh",Hoc_Mon,3.75,22500
HM_0285,Banh_Cuon_-_To_Ky,Bistro,Vietnamese,"5/4_To_Ky,_Xa_Trung_Chanh",Hoc_Mon,3.4,22500
HM_0286,Queen_Tea_-_Tra_Sua_&_Tra_Dao,Restaurant,Vietnamese,93/11B_Ap_Van_Hanh,Hoc_Mon,3.4,22500
HM_0287,Vuon_Xanh_Cafe_-_Tran_Thi_Boc,Cafe,Vietnamese,Tran_Thi_Boc,Hoc_Mon,3.4,23000
HM_0288,Com_Tam_Nam_Nem,Bistro,Vietnamese,"Ly_Nam_De,_Thi_Tran_Hoc_Mon",Hoc_Mon,3.1,25000
HM_0289,Quan_O_Thu_Vy_Da_-_Bun_Bo_Goc_Hue,Bistro,Vietnamese,26/7C_Nguyen_Anh_Thu,Hoc_Mon,3.1,25000
HM_0290,D.I.Y_Cafe,Cafe,Vietnamese,8/7D_Song_Hanh,Hoc_Mon,3.85,25000
HM_0291,Quan_Oc_Thanh_Nien,Bistro,Vietnamese,52/1E_Nguyen_Huu_Cau,Hoc_Mon,3.35,25000
HM_0292,Hu_Tieu_Ba_Tu,Bistro,Vietnamese,"Cho_Ba_Diem,_Phan_Van_Hon",Hoc_Mon,4.75,25000
HM_0293,Banh_Cuon_Nong,Bistro,Vietnamese,"21/4B_To_10,_Quoc_Lo_22,_Ap_Trung_Chanh_2",Hoc_Mon,3.1,25000
HM_0294,Com_Ga_Xoi_Mo_-_Nguyen_Anh_Thu,Bistro,Vietnamese,32/4A_Nguyen_Anh_Thu,Hoc_Mon,3.65,25000
HM_0295,Quan_Com_Quynh_Nhu_-_Song_Hanh_Quoc_Lo_22,Bistro,Vietnamese,"154/5_Song_Hanh_Quoc_Lo_22,_P._Tan_Xuan",Hoc_Mon,3.65,25000
HM_0296,Com_Suon_Cay,Bistro,Vietnamese,15/145_Tran_Khac_Chan,Hoc_Mon,4.1,25000
HM_0297,"Bun_Cha_Ca,_Bun_Gio_Heo_&_Banh_Canh_Gao_-_Trinh_Thi_Doi",Bistro,Vietnamese,"339_Trinh_Thi_Doi,_Xa_Dong_Thanh",Hoc_Mon,3.75,25000
HM_0298,HT_Cafe,Cafe,Vietnamese,Nguyen_Anh_Thu,Hoc_Mon,3.4,25000
HM_0299,Bun_Bo_Ngoc_Quynh,Bistro,Vietnamese,13/5C_Nguyen_Anh_Thu,Hoc_Mon,4.2,27500
HM_0300,Pho_Duy_-_Nguyen_Anh_Thu,Bistro,Vietnamese,"25_Nguyen_Anh_Thu,_Ap_Trung_Chanh_2",Hoc_Mon,3.9,27500
HM_0301,Beefsteak_Nhu_Lan,Bistro,Vietnamese,27/11B_Nguyen_Anh_Thu,Hoc_Mon,3.9,29000
HM_0302,Bota_Tea,Restaurant,Vietnamese,51/6_Duong_Khu_Pho_8_01,Hoc_Mon,4.45,25000
HM_0303,Cao_Nguyen_Cafe_-_Hoc_Mon,Cafe,Vietnamese,"186_Huong_Lo_65B,_P._Tan_Hiep",Hoc_Mon,3.6,24000
HM_0304,Dat_Sai_Gon_Cafe_-_Ba_Diem,Cafe,Vietnamese,"30/10B,_Ap_Hung_Lan,_Xa_Ba_Diem",Hoc_Mon,3.75,24000
HM_0305,"Thanh_Tuyen_-_Ga_Ta,_Vit",Bistro,Vietnamese,"158C_Nguyen_Anh_Thu,_Ap_Dong,_X._Thoi_Tam_Thon",Hoc_Mon,3,26500
HM_0306,A!Teen_Coffee_&_An_Vat,Cafe,Vietnamese,"18/18P_Nam_Thoi_2,_X._Thoi_Tam_Thon",Hoc_Mon,3.15,22500
HM_0307,Ding_Tea_-_Le_Thi_Ha,Cafe,Taiwanese,133_Le_Thi_Ha,Hoc_Mon,3.3,22500
HM_0308,Sai_Gon_Pho_Coffee,Cafe,Vietnamese,"42/5_To_Ky,_Xa_Tan_Xuan",Hoc_Mon,3.4,22500
HM_0309,Phieu_Cafe_-_Song_Hanh_Quoc_Lo_22,Cafe,Vietnamese,"47/5F_Song_Hanh_Quoc_Lo_22,_P._Tan_Xuan",Hoc_Mon,3.65,23500
HM_0310,Hoa_Lan_3_-_Tra_Sua_&_Sinh_To,Cafe,Vietnamese,1/70_Le_Thi_Ha,Hoc_Mon,3.4,23500
HM_0311,Pre_1975_Coffee,Cafe,Vietnamese,"2/16_Song_Hanh_Quoc_Lo_22,_TT._Hoc_Mon",Hoc_Mon,3.4,23500
HM_0312,Hu_Tieu_Nam_Vang_A.Jet,Bistro,Vietnamese,"143C_Le_Van_Khuong,_Ap_5,_Xa_Dong_Thanh",Hoc_Mon,3.15,25000
HM_0313,Tra_Sua_Deer,Cafe,Vietnamese,"36/2F_Trung_My,_Tan_Xuan_(Chua_Van_Phuoc)",Hoc_Mon,4,25000
HM_0314,Bun_Bo_Co_Ut,Bistro,Vietnamese,"54_Duong_Cong_Khi,_Xa_Tan_Hiep",Hoc_Mon,4.2,25000
HM_0315,Moc_Cafe,Cafe,Vietnamese,"165_Dang_Thuc_Vinh,_Ap_7,_Xa_Dong_Thanh",Hoc_Mon,3.6,25000
HM_0316,Sala_Coffee_-_Song_Hanh_Quoc_Lo_22,Cafe,Vietnamese,"26/43_Song_Hanh_Quoc_Lo_22,_P,_Tan_Xuan",Hoc_Mon,3.65,25000
HM_0317,Goc_An_Vat_&_Giai_Khat,Restaurant,Vietnamese,"Song_Hanh_Quoc_Lo_22,_Xa_Tan_Xuan",Hoc_Mon,3.75,25000
HM_0318,Rain_Coffee,Cafe,Vietnamese,415_Nguyen_Huu_Cau,Hoc_Mon,3.7,26500
HM_0319,Phieu_Coffee,Cafe,Vietnamese,"Song_Hanh_QL_22,_Xa_Trung_Chanh",Hoc_Mon,3.1,27500
HM_0320,Com_Tam_Di_Mai_-_To_Ky,Bistro,Vietnamese,"26/8_To_Ky,_P._Thoi_Tam_Thon",Hoc_Mon,3.65,27500
HM_0321,Tra_Sua_Green_Frog,Restaurant,Vietnamese,"Nguyen_Thi_Thu,_Xa_Xuan_Thoi_Thuong",Hoc_Mon,3.3,27500
HM_0322,Thach_Lam_09_-_Com_Ga_Xoi_Mo,Bistro,Vietnamese,"381_Song_Hanh_Quoc_Lo_22,_P._Tan_Xuan",Hoc_Mon,3.65,27500
HM_0323,Bun_Bo_Hue_Gio_Heo,Bistro,Vietnamese,"85/14_Phan_Van_Hon,_Ap_7,_KDC_Dai_Hai,_X._Xuan_Thoi_Thuong",Hoc_Mon,3.4,27500
HM_0324,"Be_Ty_-_Sinh_To,_Nuoc_Ep_-_Duong_So_5",Restaurant,Vietnamese,"D79_Duong_So_5,_X._Xuan_Thoi_Dong",Hoc_Mon,3.4,27500
HM_0325,C1_Coffee,Cafe,Vietnamese,19/1_Nguyen_Anh_Thu,Hoc_Mon,3.4,27500
HM_0326,Co_Thuy_-_Hu_Tieu_Nam_Vang,Bistro,Vietnamese,"Do_Van_Day,_Hoc_Mon",Hoc_Mon,4.15,28500
HM_0327,Bola_-_Bo_La_Lot_Sot_Bo,Bistro,Vietnamese,"3/21_Quoc_Lo_22,_Ap_Dinh",Hoc_Mon,4.5,30000
HM_0328,Pho_Que_Huong_-_Huong_Lo_65B,Bistro,Vietnamese,186/1E_Huong_Lo_65B,Hoc_Mon,3.3,30000
HM_0329,Tieu_Nhi_3_-_Pho_&_Bo_Kho,Bistro,Vietnamese,26/7C_Nguyen_Anh_Thu,Hoc_Mon,3.4,30000
HM_0330,Hu_Tieu_Nam_Vang_Co_Ngoc,Bistro,Vietnamese,28/1_Trung_Nu_Vuong,Hoc_Mon,3.4,30000
HM_0331,Hu_Tieu_Nam_Vang_-_Dang_Thuc_Vinh,Bistro,Vietnamese,"217_Dang_Thuc_Vinh,_Xa_Dong_Thanh",Hoc_Mon,3.4,30000
HM_0332,Chi_Trang_-_Banh_Canh_Cua,Restaurant,Vietnamese,"2/7_Song_Hanh,_Ap_Chanh_Hai",Hoc_Mon,3.8,32500
HM_0333,Aimy_Tea_-_Tra_Sua_-_Quang_Trung,Restaurant,Vietnamese,"3/21_Quang_Trung,_Thi_Tran_Hoc_Mon",Hoc_Mon,3.1,21000
HM_0334,Tra_Quan_Bubu,Restaurant,Vietnamese,"33/11_Ly_Thuong_Kiet,_TT._Hoc_Mon",Hoc_Mon,4.7,23500
HM_0335,Cendol_Coffee,Cafe,Vietnamese,"18/6_Ba_Diem_3,_Xa_Ba_Diem",Hoc_Mon,3.95,27500
HM_0336,YoGun_Korean_Yogurt_-_Le_Thi_Ha,Cafe,Korean,"8/4A_Le_Thi_Ha,_Xa_Tan_Xuan",Hoc_Mon,4.45,23000
HM_0337,Tra_Sua_COCOTY,Restaurant,Vietnamese,"91/2a_Trung_My_Tan_Xuan,_To_9,_Ap_My_Hoa_1",Hoc_Mon,4.2,27500
HM_0338,Hana_-_Koreann_Food,Bistro,Vietnamese,"5/5_Nguyen_Huu_Cau,_To_11,_Ap_My_Hue,_Xa_Trung_Chanh",Hoc_Mon,4.2,22500
HM_0339,N.E.M_-_Dac_San_Nha_Trang,Bistro,Vietnamese,"16_Song_Hanh_QL_22,_Trung_Chanh,_Tan_Xuan",Hoc_Mon,3.85,25000
HM_0340,Chao_Ba_Ba,Bistro,Vietnamese,"45/1C_Ly_Thuong_Kiet,_Khu_Pho_3,_Thi_Tran_Hoc_Mon",Hoc_Mon,4.2,25000
HM_0341,Tr_Le_-_Tra_Sua_&_Lau_1_Nguoi,Cafe,Vietnamese,"Doi_Dien_13/7A_Le_Thi_Ha,_Xa_Tan_Xuan",Hoc_Mon,3.4,25000
HM_0342,T&C_Coffee,Cafe,Vietnamese,2/132A_Ap_Dinh,Hoc_Mon,4.7,26000
HM_0343,Quan_Pho_Phuong_Huy,Bistro,Vietnamese,60/6_Le_Thi_Ha,Hoc_Mon,3.6,26000
HM_0344,Huong_Co_Dai_-_Cafe_San_Vuon,Cafe,Vietnamese,"2/7Y_Phan_Van_Hon,_Ap_Tien_Lan,_X._Ba_Diem",Hoc_Mon,3.4,26000
HM_0345,Home_Coffee,Cafe,Vietnamese,"39/3_Nguyen_Huu_Cau,_Xa_Trung_Chanh",Hoc_Mon,3.1,27000
HM_0346,Pha_Lau_Bo_-_Bun_Thai_56,Bistro,Vietnamese,"50_Nguyen_Huu_Cau,_P._Trung_My_Tay",Hoc_Mon,3.1,27500
HM_0347,Tra_Sua_Miu_Tea,Cafe,Vietnamese,"56_Nguyen_Huu_Cau,_Xa_Trung_Chanh",Hoc_Mon,4.6,27500
HM_0348,Koala's_Milktea_&_Yogurt,Cafe,Vietnamese,"5/4_Tran_Khac_Chan,_KP_6",Hoc_Mon,3.65,27500
HM_0349,Tra_Sua_Rainbow_-_Tra_-_20/5H_Duong_Song_Hanh_QL_22,Cafe,Vietnamese,"20/5H_Song_Hanh_QL_22,_X._Tan_Xuan",Hoc_Mon,3.4,27500
HM_0350,Com_Tam_Hanh_Phuc_2,Bistro,Vietnamese,"46_Dang_Thuc_Vinh,_Xa_Dong_Thanh",Hoc_Mon,3.4,27500
HM_0351,Harley_Cafe,Cafe,Vietnamese,"31/1_Nguyen_Anh_Thu,_Xa_Ba_Diem",Hoc_Mon,5,30000
HM_0352,Banh_Khot_An_Khang_-_Phan_Van_Hon,Bistro,Vietnamese,"51/A1_Phan_Van_Hon,_Xa_Ba_Diem",Hoc_Mon,3.65,30000
HM_0353,Blue_Sky_Coffee,Cafe,Vietnamese,"Song_Hanh_Quoc_Lo_22,_Xa_Tan_Xuan",Hoc_Mon,3.65,30000
HM_0354,Tra_Sua_Via_He_-_Ap_My_Hue,Restaurant,Vietnamese,50/5_Ap_My_Hue,Hoc_Mon,3.4,30000
HM_0355,Thanh_Huy_-_Bun_Bo_Goc_Hue,Bistro,Vietnamese,"52_Nguyen_Thi_Hue,_Xa_Ba_Diem",Hoc_Mon,4.2,32500
HM_0356,Mi_Hoanh_Thanh_-_Cho_Hoc_Mon,Bistro,Vietnamese,12/118_Trung_Nu_Vuong,Hoc_Mon,3.8,32500
HM_0357,Quan_Com_Thin_Ky,Bistro,Vietnamese,"23/5K_Ap_My_Hoa_1,_X._Trung_Chanh",Hoc_Mon,4.5,32500
HM_0358,Citizone_Coffee_-_Le_Thi_Ha,Cafe,Vietnamese,6/2_Le_Thi_Ha,Hoc_Mon,3.9,35000
HM_0359,Com_Suon_Ba_Diem_-_Cho_Ba_Diem,Bistro,Vietnamese,Cho_Ba_Diem,Hoc_Mon,3.05,36500
HM_0360,Quan_Co_Ut_-_Bun_Rieu_&_Canh_Bun,Bistro,Vietnamese,"22/4A_Do_Van_Day,_Xa_Tan_Hiep",Hoc_Mon,3.4,25000
HM_0361,A_Phon_Quan_-_Nguyen_Anh_Thu,Bistro,Chinese,"284/7_Nguyen_Anh_Thu,_Ba_Diem",Hoc_Mon,3.9,28500
HM_0362,Tri_Ky_Cafe_-_Ap_Dinh,Cafe,Vietnamese,"1/33D_Ap_Dinh,_Xa_Tan_Xuan",Hoc_Mon,3.65,29500
HM_0363,Am_Thuc_37_-_Mien_Luon,Bistro,Vietnamese,"3_Song_Hanh_Quoc_Lo_22,_P._Tan_Xuan",Hoc_Mon,3.65,30000
HM_0364,Rosetta_Milktea,Cafe,Vietnamese,"4/5_Ba_Diem_5,_X._Xuan_Thoi_Thuong",Hoc_Mon,4.6,32000
HM_0365,Bun_Dau_Met_-_Huong_Ha_Noi,Bistro,Vietnamese,"113/2_Song_Hanh_QL_22,_Xa_Tan_Xuan",Hoc_Mon,3.6,32500
HM_0366,Ha_Noi_Quan_-_Bun_Cha_Ha_Noi_-_Song_Hanh_Quoc_Lo_22,Bistro,Vietnamese,"36/5A_Song_Hanh_Quoc_Lo_22,_P._Tan_Xuan",Hoc_Mon,3.65,32500
HM_0367,Thach_Hoa_Vien_Ecoland_Cafe,Cafe,Vietnamese,"1/5A_Ba_Trieu,_Xa_Tan_Xuan",Hoc_Mon,3.4,32500
HM_0368,Ali_-_Trai_Cay_Tu_Chon,Restaurant,Vietnamese,"180/4_Song_Hanh_Quoc_Lo_22,_Xa_Trung_Chanh",Hoc_Mon,4.3,35000
HM_0369,Hu_Tieu_Nam_Vang_-_Ly_Thuong_Kiet,Bistro,Vietnamese,14/4_Ly_Thuong_Kiet,Hoc_Mon,3.65,35000
HM_0370,Quan_Oc_Binh_Dan_-_Ap_Dong_1,Restaurant,Vietnamese,35/7C_Ap_Dong_1,Hoc_Mon,3.75,35000
HM_0371,Banh_Canh_Cua_Di_Ba,Bistro,Vietnamese,"3/111B_Tran_Thi_Boc,__Xa_Thoi_Tam_Thon",Hoc_Mon,3.4,35000
HM_0372,Tra_Sua_Cueicha_-_Song_Hanh,Cafe,Vietnamese,46/3I_Song_Hanh,Hoc_Mon,4.25,36500
HM_0373,Pho_Bo_Hoa_Trang,Bistro,Vietnamese,"86_Bui_Cong_Trung,_Xa_Dong_Thanh",Hoc_Mon,5,36500
HM_0374,Bich_Ha_-_Hu_Tieu_Nam_Vang,Bistro,Vietnamese,"8/4_Le_Thi_Ha,_Xa_Tan_Xuan",Hoc_Mon,3.75,37500
HM_0375,Pho_Bich_Ha,Bistro,Vietnamese,8/6_Le_Thi_Ha,Hoc_Mon,3.4,37500
HM_0376,Mi_Chu_Hiep_-_Phan_Van_Hon,Bistro,Vietnamese,"50/4_Phan_Van_Hon,_P._Ba_Diem",Hoc_Mon,3.65,40000
HM_0377,Met_Quan_-_Bun_Dau_Mam_Tom_-_Nguyen_Thi_Hue,Bistro,Vietnamese,66/1B_Nguyen_Thi_Hue,Hoc_Mon,4.2,40000
HM_0378,Royaltea_-_Phan_Van_Hon,Cafe,Chinese,"10A_Phan_Van_Hon,_Xa_Xuan_Thoi_Thuong",Hoc_Mon,3.4,37000
HM_0379,Quan_Bo_Kho_Me_Nau,Bistro,Vietnamese,56/1_Phan_Van_Hon,Hoc_Mon,4.7,36500
HM_0380,A!_Teen_-_Mi_Cay_Hura,Bistro,Vietnamese,18/18P_Tran_Thi_Boc,Hoc_Mon,4.1,26500
HM_0381,Cafe_Huong_Xua,Cafe,Vietnamese,"108_Tran_Van_Muoi,_Xa_Xuan_Thoi_Thuong",Hoc_Mon,3.4,32000
HM_0382,Cafe_&_Hu_Tieu_-_Duong_Cong_Khi,Bistro,Vietnamese,"19/4_Duong_Cong_Khi,_P._Xuan_Thoi_Thuong,_Hoc_Mon",Hoc_Mon,5,26250
HM_0383,Bep_Co_Ba_1968_-_Bun_Ca_Cham_Gion,Bistro,Vietnamese,"3/117_Le_Thi_Ha,_Xa_Tan_Xuan",Hoc_Mon,3.1,26500
HM_0384,Linh_Miu_-_Kho_Ga_&_An_Vat,Restaurant,Vietnamese,"5/5_Phan_Van_Hon,_Xa_Xuan_Thoi_Thuong",Hoc_Mon,3.4,28500
HM_0385,NewMoon_Cafe,Cafe,Vietnamese,"15/5Y_Nguyen_Anh_Thu,_Ap_Hung_Lan,_Xa_Ba_Diem",Hoc_Mon,3.8,30000
HM_0386,Com_Chay_Cha_Bong_Hoc_Mon_-_Shop_Online,Restaurant,Vietnamese,"68/4_Dong_Tam,_Ap_Trung_Chanh_1,_Xa_Trung_Chanh",Hoc_Mon,4.05,30000
HM_0387,Ti_Ni_-_Tra_Sua,Restaurant,Vietnamese,"69/32_Ap_7,_Xa_Dong_Thanh",Hoc_Mon,3.65,30000
HM_0388,Ca_Phe_Chuy_3_Sai_Gon,Cafe,Vietnamese,"15/1B_Ap_Van_Hanh,_Xa_Trung_Chanh",Hoc_Mon,3.4,30000
HM_0389,Lang_Du_Cafe_-_Nguyen_Huu_Cau,Cafe,Vietnamese,"19/1B_Nguyen_Huu_Cau,_Ap_My_Hue,_Xa_Trung_Chanh",Hoc_Mon,4,31500
HM_0390,Pho_Xua_Cafe,Cafe,Vietnamese,"126/8_Nguyen_Anh_Thu,_Trung_Chanh",Hoc_Mon,3,32500
HM_0391,Teemo_Coffee,Cafe,Vietnamese,"Song_Hanh_Quoc_Lo_22,_Xa_Tan_Xuan",Hoc_Mon,3.1,32500
HM_0392,Ngoc_Thu_-_Mut_Dua_-_Shop_Online,Restaurant,Vietnamese,"Quoc_Lo_22,_Xa_Ba_Diem",Hoc_Mon,3.65,32500
HM_0393,Bun_Rieu_Oc_Sai_Thanh,Bistro,Vietnamese,"154/6_Song_Hanh_Quoc_Lo_22,_Xa_Trung_Chanh",Hoc_Mon,4.2,34000
HM_0394,Toretto_Milk_Tea_&_Coffee_-_Song_Hanh,Cafe,Vietnamese,"47/5F_Song_Hanh,_To_13,_Ap_Trung_Chanh_2,_Xa_Trung_Chanh",Hoc_Mon,4.05,35000
HM_0395,Birdlove_Cafe_-_Nguyen_Huu_Cau,Cafe,Vietnamese,"55/5_Nguyen_Huu_Cau,_Xa_Trung_Chanh",Hoc_Mon,3.6,35000
HM_0396,Mi_Cay_Nam_Han_-_Song_Hanh,Bistro,Korean,"19/4_Song_Hanh,_Ap_Chanh_2",Hoc_Mon,3.1,35000
HM_0397,Hat_Giong_Coffee,Cafe,Vietnamese,"85_Vo_Thi_Hoi,_Xa_Tan_Xuan",Hoc_Mon,4.65,35000
HM_0398,Da_Thao_Cafe_-_Nguyen_Van_Bua,Cafe,Vietnamese,"57_Nguyen_Van_Bua,_Xuan_Thoi_Son",Hoc_Mon,4.2,35000
HM_0399,Bun_Mam_Hoang_Lan,Bistro,Vietnamese,45/3_Ba_Trieu,Hoc_Mon,3.15,35000
HM_0400,Sunshine_Garden_Coffee_-_To_Ky,Cafe,Vietnamese,"222_To_Ky,_Xa_Tan_Xuan",Hoc_Mon,4,35000
HM_0401,Nguyen_Coffee_-_D.I.Y,Cafe,Vietnamese,28/7D_Song_Hanh_QL_22,Hoc_Mon,4.8,35000
HM_0402,Bun_Moc_Vuon_Cau,Bistro,Vietnamese,"30/13E_To_Ky,_Xa_Thoi_Tam_Thon",Hoc_Mon,3.8,35000
HM_0403,An_Vat_Hoang_Sanh,Bistro,Vietnamese,75/18_Quoc_Lo_22,Hoc_Mon,5,35000
HM_0404,Lip_Tea_&_Cake_-_Le_Van_Khuong,Cafe,Vietnamese,"4_Le_Van_Khuong_(Noi_Dai),_P._Dong_Thanh",Hoc_Mon,3.6,35000
HM_0405,Di_Vang_Coffee,Cafe,Vietnamese,88_Ba_Trieu,Hoc_Mon,3.45,35000
HM_0406,Quan_225_-_Chao_Trang_&_Chao_Dau,Bistro,Vietnamese,"26/7C_Nguyen_Anh_Thu,_Xa_Ba_Diem",Hoc_Mon,3.75,35000
HM_0407,Bun_Vit_Nga_3_Viet_Hung,Bistro,Vietnamese,Ly_Thuong_Kiet,Hoc_Mon,3.4,35000
HM_0408,Tra_Sua_Hat_De,Cafe,Vietnamese,"135/3_Phan_Van_Hon,_Ap_5",Hoc_Mon,3.4,35000
HM_0409,Oc_Hanh_-_Ap_Dong_Lan,Bistro,Vietnamese,"34/4C_Ap_Dong_Lan,_Xa_Ba_Diem",Hoc_Mon,3.4,35000
HM_0410,Tra_Sua_Bobapop_-_Ba_Trieu,Cafe,Taiwanese,"3/24_Ba_Trieu,_KP._5,_TT._Hoc_Mon",Hoc_Mon,4.65,36500
HM_0411,Bo_Ne_Alibaba_2,Bistro,Vietnamese,99/4_Xuan_Thoi_Thuong_53,Hoc_Mon,4.5,37500
HM_0412,Thuy_Moc_Coffee,Cafe,Vietnamese,31/1_Nguyen_Anh_Thu,Hoc_Mon,4.5,37500
HM_0413,Mi_Quang_2_Chi_Em_-_Tan_Xuan,Bistro,Vietnamese,"22_Tan_Xuan_6,_P._Tan_Xuan",Hoc_Mon,4,37500
HM_0414,Com_Ga_Xoi_Mo_-_Trung_Nu_Vuong,Bistro,Vietnamese,Trung_Nu_Vuong,Hoc_Mon,4.1,37500
HM_0415,Value_Tea_-_Tra_Sua_&_An_Vat,Cafe,Vietnamese,"207_Le_Thi_Ha,_Xa_Tan_Xuan",Hoc_Mon,4.1,37500
HM_0416,Peter_Home_-_Coffee_Shop,Cafe,Vietnamese,"143/5_Nguyen_Anh_Thu,_P._Trung_Chanh",Hoc_Mon,4,40000
HM_0417,Xua_Va_Nay_Cafe_-_Le_Thi_Ha,Cafe,Vietnamese,2/87_Le_Thi_Ha,Hoc_Mon,4.05,40000
HM_0418,Bun_Bo_An_Binh,Bistro,Vietnamese,"72/3_Dong_Tam,_Ap_My_Hoa_1,_Xa_Trung_Chanh",Hoc_Mon,4.7,40000
HM_0419,Tra_Sua_BAOBE_-_Lau_Ly_&_Kem,Cafe,Vietnamese,"45/4E_Ap_My_Hoa_1,_X._Trung_Chanh",Hoc_Mon,4.65,40000
HM_0420,Oc_Linh_Thao_-_Duong_So_10,Bistro,Vietnamese,"24/6C_Duong_So_10,_Ap_Nam_Lan",Hoc_Mon,3.8,40000
HM_0421,Muc_Rim_-_Shop_Online,Restaurant,Vietnamese,Nguyen_Anh_Thu,Hoc_Mon,3.65,40000
HM_0422,Mon_Ngon_Ngay_Tet_-_Shop_Online,Restaurant,Vietnamese,"1/138B_Ba_Trieu,_Ap_Dinh,_X._Tan_Xuan",Hoc_Mon,3.1,42500
HM_0423,Gimbab_Hoc_Mon_-_Shop_Online,Restaurant,Korean,"50/43_Le_Thi_Kim,_Xa_Xuan_Thoi_Son",Hoc_Mon,3.75,45000
HM_0424,Answer_Tea_-_73/3_Nguyen_Anh_Thu,Cafe,Vietnamese,"73/3_Nguyen_Anh_Thu,_Xa_Trung_Chanh",Hoc_Mon,4.4,41000
HM_0425,ABC_Bakery_-_Hoc_Mon,Bakery,Asian,"158/5_Nguyen_Anh_Thu,_Xa_Trung_Chanh",Hoc_Mon,3.15,32500
HM_0426,Quan_Chay_A_Mi_Da,Bistro,Vietnamese,"Doi_Dien_Chua_Hoang_Phap,_Tan_Thoi_3,_Tan_Hiep",Hoc_Mon,3.6,37500
HM_0427,Dau_Thoi_Gian_Cafe,Cafe,Vietnamese,"123/6C_Nguyen_Anh_Thu,_Ap_Trung_Chanh",Hoc_Mon,3.45,40000
HM_0428,Huynh_Ky_-_Com_Binh_Dan_&_Mi_Gion,Bistro,Vietnamese,"13/5B_To_Ky,_P._Thoi_Tam_Thon",Hoc_Mon,3.65,40000
HM_0429,Minh_Quy_-_Bun_Gio_Heo,Bistro,Vietnamese,"27/6_Quoc_Lo_22,_Xa_Tan_Thoi_Nhi",Hoc_Mon,3.95,55000
HM_0430,TocoToco_Bubble_Tea_-_Phan_Van_Hon,Cafe,Vietnamese,"14_Phan_Van_Hon,_Xa_Xuan_Thoi_Thuong",Hoc_Mon,5,42500
HM_0431,Khong_Gian_Viet_Cafe,Cafe,Vietnamese,"171_Duong_Cong_Khi,_Xa_Tan_Hiep",Hoc_Mon,3.65,37500
HM_0432,Ga_Ta_Hoi_An_-_Song_Hanh_Quoc_Lo_22,Bistro,Vietnamese,"45/91_Song_Hanh_Quoc_Lo_22,_P._Tan_Xuan",Hoc_Mon,3.65,40000
HM_0433,Tra_Sua_House_Of_Cha_-_Ba_Trieu,Cafe,Taiwanese,86/1_Ba_Trieu,Hoc_Mon,3.4,40000
HM_0434,Tra_Sua_Bobapop_-_Nguyen_Anh_Thu,Cafe,Taiwanese,"130/5_Nguyen_Anh_Thu,_Ap_Trung_Chanh_1,_Xa_Trung_Chanh",Hoc_Mon,3.55,45000
HM_0435,Bo_Sau_Loc,Bistro,Vietnamese,"Phan_Van_Hon,_Xa_Ba_Diem",Hoc_Mon,3.4,45000
HM_0436,Quan_An_A_Ty,Bistro,Vietnamese,"48/3B_Phan_Van_Hon,_P._Ba_Diem",Hoc_Mon,3.4,45000
HM_0437,Royaltea_-_Tra_Sua_Hong_Kong_-_154_Nguyen_Anh_Thu,Cafe,Chinese,"154/8_Nguyen_Anh_Thu,_Xa_Trung_Chanh",Hoc_Mon,3.45,50000
HM_0438,Banh_Tuyet_Thien_Su,Restaurant,Vietnamese,17/7L_Xa_Trung_Chanh,Hoc_Mon,3.6,60000
HM_0439,Ku_Diu_500_-_Bun_Dau_Mam_Tom,Bistro,Vietnamese,"77/3A_Nguyen_Huu_Cau,_Xa_Trung_Chanh",Hoc_Mon,5,49500
HM_0440,Le_Kieu_Nguyen_-_Tra_Sua_&_An_Vat_Online,Restaurant,Vietnamese,"E17/8_Ap_Tan_Thoi_3,_Xa_Tan_Hiep",Hoc_Mon,3.4,45000
HM_0441,Bun_Dau_Hai_Nau,Bistro,Vietnamese,"10/1_Ap_Bac_Lan,_Xa_Ba_Diem",Hoc_Mon,5,50000
HM_0442,Kaori_-_Japanese_Cake_&_Coffee,Cafe,Japanese,"4/27_Quang_Trung,_Ap_Nam_Thoi,_X._Thoi_Tam_Thon",Hoc_Mon,5,47000
HM_0443,Station_-_Mi_Cay_&_Lau,Bistro,Vietnamese,"Pham_Thi_Giay,_Xa_Thoi_Tam_Thon",Hoc_Mon,4.2,37500
HM_0444,Sua_Bo_Long_Thanh_-_Xuan_Thoi_Thuong,Restaurant,Vietnamese,"18/33A_Ap_7,_Xa_Xuan_Thoi_Thuong",Hoc_Mon,5,40000
HM_0445,Happy_Garden_-_Nguyen_Anh_Thu,Cafe,Vietnamese,31/1_Nguyen_Anh_Thu,Hoc_Mon,3.65,42500
HM_0446,Man_&_Toi_-_Com_Ga_Ta,Bistro,Vietnamese,"34_Phan_Van_Hon,_Xa_Ba_Diem",Hoc_Mon,4.7,45000
HM_0447,Banh_Trang_Thuy_Quyen,Restaurant,Vietnamese,"Tran_Van_Muoi,_Xa_Xuan_Thoi_Thuong",Hoc_Mon,3.4,45000
HM_0448,Oc_Sau_Cua_2_-_Song_Hanh,Bistro,Vietnamese,"2/45C_Song_Hanh,_Ap_Dinh,_Tan_Xuan",Hoc_Mon,4,50000
HM_0449,Bun_Mam_Ngoc_Dung_-_Le_Thi_Ha,Bistro,Vietnamese,"A1_Le_Thi_Ha,_Xa_Tan_Xuan",Hoc_Mon,3.45,57500
HM_0450,"Oc_Dzo_Dzo_-_Lau,_Nuong_&_Xien_Que",Bistro,Vietnamese,"50/1B_Phan_Van_Hon,_Xa_Ba_Diem",Hoc_Mon,4.25,59000
HM_0451,Yaourt_&_Sua_Bo_Tuoi_Nguyen_Chat_-_Shop_Online,Restaurant,Vietnamese,30/50/4_Nhi_Binh,Hoc_Mon,3.65,60000
HM_0452,Pho_Viet_-_Nguyen_Anh_Thu,Bistro,Vietnamese,"2/3_Nguyen_Anh_Thu,_X._Trung_Chanh",Hoc_Mon,3.05,51000
HM_0453,Banh_Mi_Phuong_Nhi,Restaurant,Vietnamese,"16/1C_Nguyen_Anh_Thu,_Xa_Ba_Diem",Hoc_Mon,3.8,47500
HM_0454,Kim_Chi_Nha_Lam_-_Shop_Online,Restaurant,Vietnamese,Ap_Trung_Dong,Hoc_Mon,3.1,57500
HM_0455,Sasin_-_Mi_Cay_Cap_Do_7_Han_Quoc_-__Ly_Thuong_Kiet,Bistro,Korean,5/41B_Ly_Thuong_Kiet,Hoc_Mon,3.15,59000
HM_0456,Cay_Gao_-_Quan_An_San_Vuon,Bistro,Vietnamese,"11/2_Phan_Van_Hon,_Ap_2,_Xa_Xuan_Thoi_Thuong",Hoc_Mon,4.3,43000
HM_0457,Quan_Com_Nguyen_Ky_-_To_Ky,Bistro,Vietnamese,"1/1Q_To_Ky,_Xa_Thoi_Tam_Thon",Hoc_Mon,3.65,47500
HM_0458,Quan_An_Huong_Vi_Mien_Trung,Bistro,Vietnamese,"Ba_Diem_8,_Xa_Ba_Diem",Hoc_Mon,3.65,50000
HM_0459,Sao_Bien_-_Quan_Oc,Restaurant,Vietnamese,"Ap_Tan_Thoi_2_,_Xa_Tan_Hiep",Hoc_Mon,3.1,55000
HM_0460,Quan_An_Gia_Dinh_Nghia,Bistro,Vietnamese,48/10_Song_Hanh,Hoc_Mon,3.8,55000
HM_0461,Quan_Oc_Gia_Dinh_2,Bistro,Vietnamese,"1/57_Ap_Dinh,_Xa_Tan_Xuan",Hoc_Mon,3.4,45000
HM_0462,Banh_Gau_Tuoi_Tho_-_Shop_Online,Restaurant,Vietnamese,"4/15_Ap_7,_Xa_Dong_Thanh",Hoc_Mon,3.1,85000
HM_0463,Ga_Ta_Quay_-_Ly_Thuong_Kiet,Bistro,Vietnamese,Ly_Thuong_Kiet,Hoc_Mon,3.9,52500
HM_0464,Quan_Banh_Canh_Cua_Ba_Nam,Bistro,Vietnamese,"B17_Duong_So_1,_Ap_My_Hoa_2,_Xa_Xuan_Thoi_Dong",Hoc_Mon,4,52500
HM_0465,Nha_Bin_-_An_Vat_Online,Restaurant,Vietnamese,To_Ky,Hoc_Mon,3.4,60000
HM_0466,Quan_Sau_Phat,Bistro,Vietnamese,"33/6_Ap_Van_Hanh,_Trung_Chanh",Hoc_Mon,3.4,65000
HM_0467,Mi_Vit_Tiem_Thuan_Loi,Bistro,Vietnamese,"56/1A_Phan_Van_Hon,_P._Ba_Diem",Hoc_Mon,3.65,67000
HM_0468,Gimbap_Hoc_Mon_-_Shop_Online,Restaurant,Vietnamese,"50/43_Le_Thi_Kim,_Xa_Xuan_Thoi_Son",Hoc_Mon,4.5,55000
HM_0469,Bun_Dau_Met_De_Men,Bistro,Vietnamese,"4/3_Ap_Tan_Tien,_Xa_Xuan_Thoi_Dong",Hoc_Mon,3.65,51000
HM_0470,Quan_Ca_Loc_Quay_&_Bo_La_Lop,Bistro,Vietnamese,Song_Hanh,Hoc_Mon,4.05,57500
HM_0471,Quan_Yen_-_Bun_Mang_Vit,Bistro,Vietnamese,85/2_Dong_Tam,Hoc_Mon,4.1,60000
HM_0472,Com_Tam_Nghia_-_Cho_Ba_Diem,Bistro,Vietnamese,"15/2_Ap_Trung_Lan,_Xa_Ba_Diem",Hoc_Mon,3.4,60000
HM_0473,Nuong_Ngoi_Hai_Con,Bistro,Vietnamese,"Song_Hanh_QL_22,_Xa_Trung_Chanh",Hoc_Mon,3.1,65000
HM_0474,Quan_Oc_Tre,Bistro,Vietnamese,"14/2C_Song_Hanh_Quoc_Lo_22,_Xa_Trung_Chanh",Hoc_Mon,4.2,65000
HM_0475,An_Vat_Mr._Do,Bistro,Vietnamese,"13/3A_Song_Hanh_Quoc_Lo_22,_Xa_Tan_Thoi_Nhi",Hoc_Mon,4.8,65000
HM_0476,Cong_Vien_Ca_Koi_Rin_Rin_Park_-_Vuon_Nhat_Ban,Cafe,Japanese,Tran_Van_Muoi,Hoc_Mon,3.25,75000
HM_0477,Chu_Dung_-_Ga_Ac_Tiem_Thuoc_Bac,Bistro,Vietnamese,"568_Nguyen_Anh_Thu,_Xa_Ba_Diem",Hoc_Mon,4.5,75000
HM_0478,Nha_Hang_Am_Thuc_Sai_Gon_Xua,Restaurant,Vietnamese,"16/1E_Nguyen_Anh_Thu,_Xa_Hung_Lan",Hoc_Mon,4,75000
HM_0479,Bo_La_Lot_-_Ba_Trieu,Bistro,Vietnamese,37_Ba_Trieu,Hoc_Mon,3.3,80000
HM_0480,"3_Rau_-_Ga_Ran,_Pizza_&_Tra_Sua_-_Nguyen_Anh_Thu",Bistro,Vietnamese,"10/3B_Nguyen_Anh_Thu,_P._Trung_Chanh",Hoc_Mon,3.8,66000
HM_0481,Sushi_Duong_Pho,Bistro,Japanese,"10/4_Ap_Hung_Lan,_Xa_Ba_Diem",Hoc_Mon,4.25,69500
HM_0482,Hai_Phong_Quan_-_Bun_Dau_Mam_Tom_-_Song_Hanh_Quoc_Lo_22,Bistro,Vietnamese,"18/6S_Song_Hanh_Quoc_Lo_22,_Xa_Tan_Xuan",Hoc_Mon,3.4,77500
HM_0483,Ba_Nam_-_Banh_Duc_La_Dua,Restaurant,Vietnamese,"22/4_Dong_Tam,_Xa_Trung_Chanh",Hoc_Mon,4.05,90000
HM_0484,Lotteria_-_Nguyen_Anh_Thu,Restaurant,Vietnamese,"159/6_-_160/1_Nguyen_Anh_Thu,_X._Trung_Chanh",Hoc_Mon,3.15,86000
HM_0485,Bong_Lan_Trung_Muoi_Phuong_Phung_Phiu_-_Shop_Online,Restaurant,Vietnamese,50/43E_Nguyen_Van_Bua,Hoc_Mon,4.2,85000
HM_0486,Rosetta_-_Bistro_&_Cafe,Cafe,Vietnamese,"Mat_Tien_25/1D_Phan_Van_Hon,_Ap_7,_Xa_Xuan_Thoi_Thuong",Hoc_Mon,4.2,81500
HM_0487,Bo_Lua_-_Dac_San_Bo_To_Tay_Ninh,Bistro,Vietnamese,"244_To_Ky,_Ap_Tam_Dong",Hoc_Mon,4.15,87000
HM_0488,Oc_Bui_-_Lien_Xa_Tan_Hiep,Bistro,Vietnamese,106/2_Lien_Xa_Tan_Hiep,Hoc_Mon,3.95,78500
HM_0489,Oc_Bui_3,Bistro,Vietnamese,"4/3_Tran_Van_Muoi,_Xa_Xuan_Thoi_Dong",Hoc_Mon,3.65,78500
HM_0490,An_Vat_Yang_Yang_-_Yang_Can_Cook_-_Tran_Van_Muoi,Restaurant,Korean,"26/10B_Tran_Van_Muoi,_Xa_Xuan_Thoi_Dong",Hoc_Mon,4.8,80000
HM_0491,NVT_BBQ_&_BEER_-_Thit_Nuong_Han_Quoc_-_Song_Hanh_QL22,Bistro,Vietnamese,"2/123_Song_Hanh_Quoc_Lo_22_Ap_Dinh,_X._Tan_Xuan",Hoc_Mon,3.65,82500
HM_0492,Sau_Quen_-_Quan_An_Bo_Ho,Bistro,Vietnamese,"Trung_Dong,_Thoi_Tam_Thon",Hoc_Mon,3.85,85000
HM_0493,Duy_Phong_-_Quan_An_Gia_Dinh_&_Lau_Ga_La_E,Bistro,Vietnamese,"26/7A_Nguyen_Anh_Thu,_P._Hau_Lan",Hoc_Mon,4.65,89500
HM_0494,Hai_San_Co_Chu_Nho,Bistro,Vietnamese,"6/7B_Ap_Chanh_1,_Xa_Tan_Xuan",Hoc_Mon,3.05,90000
HM_0495,Quan_368_-_Oc_&_Hai_San,Bistro,Vietnamese,2/18C_Song_Hanh_Quoc_Lo_22,Hoc_Mon,3.4,90000
HM_0496,"Ga_Ta_Tuong_Vy_-_Com_Ga,_Chao_&_Goi_Ga_-_Phan_Van_Hon",Bistro,Vietnamese,"49/2F_Phan_Van_Hon,_Xa_Ba_Diem",Hoc_Mon,3.6,125000
HM_0497,Tu_Quy_-_Ga_&_Vit_Nuong,Bistro,Vietnamese,"90B_Le_Van_Khuong,_Xa_Dong_Thanh",Hoc_Mon,4,155000
HM_0498,Lau_Bo_Be_Vang,Bistro,Vietnamese,"67_Le_Loi,_TT._Hoc_Mon",Hoc_Mon,3.65,109000
HM_0499,Vuon_Nuong_Han_Quoc_-_Song_Hanh,Bistro,Korean,"19/9_Song_Hanh,_Xa_Tan_Xuan",Hoc_Mon,4.9,169000
HM_0500,Lau_Bo_Chin_Teo,Bistro,Vietnamese,"27/1A_Ba_Diem_10,_Ap_Nam_Lan",Hoc_Mon,3.65,135000
HM_0501,Co_3_Coi_2_-_Buffet_Lau_&_Nuong,Restaurant,Vietnamese,"100/8_Song_Hanh,_X._Tan_Xuan",Hoc_Mon,4.2,119000
HM_0502,Ga_Hap_Hem_34_Hoc_Mon,Bistro,Vietnamese,"52/4_Nguyen_Thi_Thu,_Xa_Xuan_Thai_Son",Hoc_Mon,3.35,159000
HM_0503,Dominos_Pizza_-_Le_Thi_Ha,Restaurant,USA,"38/5_Le_Thi_Ha,_KP._8,_TT._Hoc_Mon",Hoc_Mon,4.6,124000
HM_0504,Nha_Hang_Vuon_Lan,Restaurant,Vietnamese,45_Song_Hanh_QL_22,Hoc_Mon,3.6,115000
HM_0505,Goi_Vit_Tuan_Anh,Bistro,Vietnamese,"11/3_Do_Van_Day,_Xa_Tan_Hiep",Hoc_Mon,4.95,115000
HM_0506,Vi_Da_Garden_-_Cafe_&_Mon_Hue,Cafe,Vietnamese,46_Song_Hanh,Hoc_Mon,3.8,115000
HM_0507,Lang_Am_Thuc_66,Restaurant,Vietnamese,"66_Song_Hanh,_Ap_My_Hoa,_Xa_Trung_Chanh",Hoc_Mon,4,125000
HM_0508,Hai_Duc_-_Lau_Bo,Bistro,Vietnamese,"6B1_Ap_1,_Xa_Xuan_Thoi_Son",Hoc_Mon,3.6,125000
HM_0509,Osaka_No18_-_Chuyen_Cac_Mon_Nuong_Nhat_Ban,Restaurant,Japanese,27/5_Ly_Thuong_Kiet,Hoc_Mon,4.3,125000
HM_0510,Mai_La_Quan_-_Phan_Van_Doi,Bistro,Vietnamese,43/11D_Phan_Van_Doi,Hoc_Mon,3.85,125000
HM_0511,Ut_Vu_Quan_-_Ga_Ac_Ro_Ti,Bistro,Vietnamese,Xuan_Thoi_Son,Hoc_Mon,3.45,125000
HM_0512,Ong_Buot_-_Quan_An_Gia_Dinh,Bistro,Vietnamese,"17/2A_Ap_6,_Xa_Xuan_Thoi_Son",Hoc_Mon,3.05,125000
HM_0513,Am_Thuc_Huong_Lua_-_Quan_An_Gia_Dinh,Bistro,Vietnamese,"280A_To_Ky,_Xa_Thoi_Tam_Thon",Hoc_Mon,3.65,125000
HM_0514,Le_Buffet_Nuong,Restaurant,Vietnamese,"51/4_Nguyen_Anh_Thu,_Ap_Hau_Lan",Hoc_Mon,3.45,175000
HM_0515,Lau_Bo_Cay_Xoai,Bistro,Vietnamese,"1/10B_Phan_Van_Hon,_Xa_Ba_Diem",Hoc_Mon,3.4,175000
HM_0516,Ga_Ta_Tam_Ky_2,Bistro,Vietnamese,"40/3B_Nguyen_Anh_Thu,_Xa_Ba_Diem",Hoc_Mon,4.1,122500
HM_0517,Gio_Cha_Co_Hue_-_Shop_Online,Restaurant,Vietnamese,"9/4B_Thuong_Mai,_Ap_Trung_Chanh_1,_Xa_Trung_Chanh",Hoc_Mon,3.4,122500
HM_0518,Ngoc_Nhi_-_Quan_An_Gia_Dinh_Binh_Dan,Bistro,Vietnamese,106D_Dang_Cong_Binh,Hoc_Mon,3.4,139000
HM_0519,Tiem_Banh_Happy_Foods,Bakery,Vietnamese,"17/6B_Ap_Hung_Lan,_Xa_Ba_Diem",Hoc_Mon,3.4,132500
HM_0520,Am_Thuc_Anh_Em_Ba_Mien,Bistro,Vietnamese,"3/3B_Dang_Thuc_Vinh,_Ap_3,_Xa_Dong_Thanh",Hoc_Mon,4,140000
HM_0521,Am_thuc_San_Vuon_39,Restaurant,Vietnamese,"119_Phan_Van_Hon,_P._Ba_Diem",Hoc_Mon,4.75,150000
HM_0522,Quan_Cua_Phuc_Hai,Bistro,Vietnamese,"361_Huynh_Thi_Na,_Xa_Dong_Thanh",Hoc_Mon,3.65,155000
HM_0523,Quan_246_-_Lau_Ga_Noi,Bistro,Vietnamese,"45/2T_Song_Hanh_Quoc_Lo_22,_P._Trung_Chanh",Hoc_Mon,3.75,162500
HM_0524,Bun_Mam_Ngon_-_Phan_Van_Hon,Bistro,Vietnamese,"41/6B_Phan_Van_Hon,_X._Ba_Diem",Hoc_Mon,3.15,145000
HM_0525,Buffet_33_-_BBQ,Restaurant,Vietnamese,"3/1B_Nguyen_Thi_Soc,_Ap_Bac_Lan,_Xa_Ba_Diem",Hoc_Mon,4.15,199000
HM_0526,Thanh_Loan_-_Hai_San_&_Cac_Mon_Nhau_Binh_Dan,Bistro,Vietnamese,Thoi_Tam_Thon_6,Hoc_Mon,3.65,160000
HM_0527,Quan_An_Ham_Ca_Map_-_Nhau_Binh_Dan,Bistro,Vietnamese,"47/5_Song_Hanh_Quoc_Lo_22,_P._Trung_Chanh",Hoc_Mon,4.1,160000
HM_0528,Huy_Phat_-_Hai_San_&_Cac_Mon_An_Binh_Dan,Bistro,Vietnamese,158_Nguyen_Anh_Thu,Hoc_Mon,4,162500
HM_0529,Quan_An_Hoang_Ga_Noi,Bistro,Vietnamese,23/5_Ba_Diem_10,Hoc_Mon,4.55,165000
HM_0530,Quan_Oc_3_Mien_-_Quan_Nhau,Bistro,Vietnamese,"19/1b_To_Ky,_Ap_Dong,__Xa_Thoi_Tam_Thon",Hoc_Mon,3.75,165000
HM_0531,Bui_Sai_Gon_-_Oc_&_Lau,Bistro,Vietnamese,102_Tan_Hiep,Hoc_Mon,3.4,165000
HM_0532,Nghia_-_Quan_An_Gia_Dinh,Bistro,Vietnamese,"48/15_Khu_Pho_3,_To_30,_Thi_Tran_Hoc_Mon",Hoc_Mon,3.65,167500
HM_0533,Ga_Hap_Hem_34,Bistro,Vietnamese,"30_Nguyen_Thi_Thu,_Xa_Xuan_Thoi_Son",Hoc_Mon,3.8,170000
HM_0534,Am_Thuc_Canh_Dong_Hoang,Bistro,Vietnamese,"47/6B_Ap_Trung_Dong,_Xa_Thoi_Tam_Thon",Hoc_Mon,3.55,175000
HM_0535,Lau_De_Ha_Nam,Bistro,Vietnamese,"90A_Dang_Thuc_Vinh,_Xa_Dong_Thanh",Hoc_Mon,4.2,175000
HM_0536,Nha_Hang_Cua_Bien_2_-_Song_Hanh_Quoc_Lo_22,Bistro,Vietnamese,"17/14_Song_Hanh_Quoc_Lo_22,_P._Trung_Chanh",Hoc_Mon,3.4,175000
HM_0537,Lau_Bo_672,Bistro,Vietnamese,"70/1B_Ap_Xuan_Thoi_Dong_3,_Xa_Xuan_Thoi_Dong",Hoc_Mon,4,200000
HM_0538,Bo_To_Cu_Chi_Nhu_Ngoc_-_Shop_Online,Restaurant,Vietnamese,Giao_Hang_Tan_Noi,Hoc_Mon,3.8,225000
HM_0539,Quan_An_Gia_Dinh_-_Ga_Nau_Cua_Dong,Bistro,Vietnamese,"21/3_Ap_3,_Xa_Xuan_Thoi_Son",Hoc_Mon,5,182500
HM_0540,May_Bakery,Bakery,Vietnamese,"37A_Tien_Lan_9,_Ap_Tien_Lan,_X._Ba_Diem",Hoc_Mon,3.65,235000
HM_0541,Pura_Vida_-_The_Tea_&_Cake_House,Bakery,Vietnamese,"79/9_Tien_Lan_15,_Ap_Tien_Lan_1,_Xa_Ba_Diem",Hoc_Mon,3.4,196000
HM_0542,Banh_Kem_Cao_Cap_Hoang_Lan,Bakery,Vietnamese,77/6D_Nguyen_Anh_Thu,Hoc_Mon,4,267500
HM_0543,Dan_Y_-_Lau_De_&_Cac_Mon_Nhau,Bistro,Vietnamese,180/E_Song_Hanh_Quoc_Lo_22,Hoc_Mon,3.75,215000
HM_0544,Nha_Hang_86,Restaurant,Vietnamese,"232_Le_Thi_Ha,_Ap_Chanh_1,_Xa_Tan_Xuan",Hoc_Mon,4,229500
HM_0545,Vuong_Anh_Quan_-_Quan_An_Gia_Dinh,Bistro,Vietnamese,"6/7A_Tan_Xuan_2,_Xa_Tan_Xuan",Hoc_Mon,3.65,250000
HM_0546,Ga_Bo_Xoi_1Ngon,Restaurant,Vietnamese,"65/6_Nguyen_Thi_Hue,_Ap_Trung_Lan,_Xa_Ba_Diem",Hoc_Mon,3.65,330000
HM_0547,Tam_Thinh_Phat_-_Tiem_Banh_Kem,Bakery,Vietnamese,"10/1B_Dang_Thuc_Vinh,_Xa_Dong_Thanh",Hoc_Mon,3.65,255000
HM_0548,Am_Thuc_Tan_Nghia_Phat,Restaurant,Vietnamese,"22_Le_Thi_Ha,_P._Tan_Xuan",Hoc_Mon,3.65,257500
HM_0549,Nha_Hang_Am_Thuc_6_Hon,Restaurant,Vietnamese,100_Song_Hanh,Hoc_Mon,3.65,275000
HM_0550,De_To_Nhat_Nhat_-_Lau_&_De_Nuong,Restaurant,Vietnamese,298_Pham_Thi_Giay,Hoc_Mon,3.65,285000
HM_0551,Muoi_Tam_2_-_Chao_Bau,Bistro,Vietnamese,"43/6_Ap_Trung_Dong,_Xa_Thoi_Tam_Thon",Hoc_Mon,4.1,300000
HM_0552,Cua_Ca_Mau_-_Thai_Thi_Giu_-_Shop_Online,Restaurant,Vietnamese,"62/2_Thai_Thi_Giu_(Ba_Diem_8),_Ap_Hau_Lan,_Xa_Ba_Diem",Hoc_Mon,5,360000
HM_0553,Bun_Dau_Mam_Tom_Dau_Vang_-_Nguyen_Anh_Thu,Bistro,Vietnamese,"6/4_Nguyen_Anh_Thu,_Xa_Trung_Chanh",Hoc_Mon,3.1,402500
HM_0554,Villa_H2O_-_Sinh_Thai_&_Nghi_Duong,Restaurant,Vietnamese,"1/4C_Dang_Thuc_Vinh,_Dong_Thanh",Hoc_Mon,3.6,542500
HM_0555,Sau_Cua_-_Hai_San_Tuoi_Song_-_Nguyen_Anh_Thu,Bistro,Vietnamese,"96/5_Nguyen_Anh_Thu,_Xa_Ba_Diem",Hoc_Mon,3.5,524500
HM_0556,Sai_Gon_Moi_-_Nha_Hang_Gia_Dinh,Restaurant,Vietnamese,74_Nguyen_Anh_Thu,Hoc_Mon,4,1250000
HM_0557,Nguyen_Phuc_Bakery,Bakery,Vietnamese,"14/5_Ly_Thuong_Kiet,_Tt._Hoc_Mon",Hoc_Mon,3.65,2004000
HM_0558,Nam_Hien_-_Co_So_Heo_Quay,Restaurant,Vietnamese,"1/81C_Le_Thi_Ha,_Ap_Dinh,_Xa_Tan_Xuan",Hoc_Mon,5,1085000
