"name","rating","category","cuisine","address","district","average_price"
"Kim_Huong_-_Lo_Banh_Mi","4.5","Street_food","Vietnam","12B_(So_Cu_C1/6)_Pham_Hung,_Xa_Binh_Hung","Binh_Chanh","18,500 "
"Quan_An_Gia_Dinh","3.95","Bistro","Vietnam","168_Duong_So_1","Binh_Chanh","101,000 "
"Xoi_Chien_-_Com_Chay_-_Banh_Trang_Cuon","3.4","Street_food","Vietnam","C4/13_Pham_Hung","Binh_Chanh","6,500 "
"Com_Chien_Bao_Chau","4.4","Street_food","Vietnam","C17/32A_Dinh_Duc_Thien,_Ap_3,_X._Binh_Chanh","Binh_Chanh","19,000 "
"Banh_Canh_Ca_Loc_Bot_Gao_Rino","3.35","Bistro","Vietnam","154_Duong_So_10_Khu_Dan_Cu,_Xa_Phong_Phu","Binh_Chanh","36,000 "
"Quan_Nuong_Sa_Lu","4.4","Bistro","Vietnam","103_Duong_So_8,_KDC_Trung_Son","Binh_Chanh","27,500 "
"Bo_Bit_Tet_99_-_Duong_So_1","4.85","Bistro","Vietnam","33_Duong_So_1,_Ap_2,_Khu_Dan_Cu_Binh_Hung,_X._Binh_Hung","Binh_Chanh","102,500 "
"Nemo_-_An_Vat_Ca_Vien_Chien","3.7","Street_food","Vietnam","Quoc_Lo_50,_X._Binh_Hung","Binh_Chanh","10,000 "
"Com_Lam_&_Ga_Met_-_Nguyen_Van_Linh","3.35","Bistro","Vietnam","C10/4_Nguyen_Van_Linh,_Xa_Binh_Hung","Binh_Chanh","102,500 "
"Tap_Tap_-_Lau_Ca_Vien_&_Xien_Que","4.75","Street_food","Vietnam","C10/6_Pham_Hung,_Ap_5,_Xa_Binh_Hung","Binh_Chanh","15,000 "
"IMF_Milk_Tea","3.35","Street_food","Vietnam","B11/1_Ap_2,_Quoc_Lo_1A","Binh_Chanh","127,500 "
"King_-_Xoi_Chien_-_Duong_So_9A","3","Street_food","Vietnam","44_-_46_Duong_So_9A,_Xa_Binh_Hung","Binh_Chanh","6,000 "
"Co_Nga_-_Pha_Lau_Bo","3.9","Street_food","Vietnam","C7/7_Pham_Hung,_Xa_Binh_Hung","Binh_Chanh","15,000 "
"Banh_Bao_Tho_Phat_-_Pham_Hung","4.25","Bistro","Vietnam","C5/18_Pham_Hung","Binh_Chanh","11,500 "
"Tra_Sua_Nha_Lam_Ok","4.55","Cafe","Vietnam","A3/7E_Nguyen_Cuu_Phu,_Xa_Tan_Kien","Binh_Chanh","15,000 "
"An_Vat_Be_Bong_-_Kho_Ga,_Hat_Dieu_&_Banh_Dai_Loan_-_Binh_Chanh","2.9","Street_food","Vietnam","72_Duong_So_13,_KDC_Duong_Hong,_Xa_Binh_Hung","Binh_Chanh","127,500 "
"Bap_Xao_&_Hot_Ga_Nuong_-_Bung_Binh_Trung_Son","3.3","Street_food","Vietnam","Duong_So_9A","Binh_Chanh","17,500 "
"An_Vat_H2_-_Tan_Liem","3.15","Street_food","Vietnam","C5/147B_Ap3_Tan_Liem,_Xa_Phong_Phu","Binh_Chanh","17,500 "
"Ga_Ta_Hoi_An_-_Quoc_Lo_50","3.15","Bistro","Vietnam","A3/21_Quoc_Lo_50,_Xa_Binh_Hung","Binh_Chanh","127,500 "
"Kem_Ky_Hai_Dang","4.55","Cafe","Vietnam","A19/8_Quoc_Lo_50,_Xa_Binh_Hung","Binh_Chanh","18,000 "
"Banh_Xeo_Mien_Trung","3.4","Street_food","Vietnam","C4/9P_Pham_Hung,_Xa_Binh_Hung","Binh_Chanh","8,000 "
"Ga_Bo_Xoi_Vien","3.5","Street_food","Vietnam","C4/34_Pham_Hung,_Xa_Binh_Hung","Binh_Chanh","6,000 "
"Ca_Phe,_Tra_Sua,_Sinh_To_&_Rau_Ma_-_Duong_So_10","3.8","Cafe","Vietnam","33_Duong_So_10,_Khu_Dan_Cu_Ap_5,_Xa_Phong_Phu","Binh_Chanh","18,000 "
"Banh_Xe_Tut_Tut","3.1","Street_food","Malaysia","C19/7_Ap_4B,_X._Binh_Hung","Binh_Chanh","16,000 "
"Phuc_Loc_Tho_Cafe","4.15","Cafe","Vietnam","3_Duong_So_22,_Xa_Binh_Hung","Binh_Chanh","11,000 "
"Hot_Vit_Lon_,_Trung_Vua_&_Trung_Cut_Lon","3.65","Street_food","Vietnam","Hem_C4_Pham_Hung,_Xa_Binh_Hung","Binh_Chanh","9,500 "
"Mi_Cay_Nasin_-_Bui_Thanh_Khiet","3.5","Bistro","Vietnam","C1/5B_Bui_Thanh_Khiet,_TT._Tan_Tuc","Binh_Chanh","24,500 "
"Tra_Sua_Ha","3.9","Street_food","Vietnam","D11/302_Trinh_Quang_Nghi,_Xa_Phong_Phu","Binh_Chanh","13,500 "
"Tra_Sua_Co_Thao","4.25","Street_food","Vietnam","B6/199B_Ap_2","Binh_Chanh","11,000 "
"Nha_Nuong_BBQ","3.95","Bistro","Vietnam","A13/15B_Thien_Giang,_Xa_Tan_Tuc","Binh_Chanh","93,000 "
"Chu_Trung_-_Banh_Hot_Dog","3.15","Street_food","Vietnam","C5/14_Pham_Hung","Binh_Chanh","7,000 "
"Mai_Coffee_-_Quoc_Lo_1A","4.1","Cafe","Vietnam","D7/6A_Quoc_Lo_1A,_TT._Tan_Tuc","Binh_Chanh","11,500 "
"Tra_Quan_-_Huong_Lo_80","4.4","Cafe","Vietnam","D5/1_Huong_Lo_80,_Xa_Vinh_Loc_A","Binh_Chanh","11,500 "
"An_-_Goi_Cuon_&_Bun_Mam_Nem_-_Pham_Hung","3.4","Bistro","Vietnam","C5/10/6_Pham_Hung,_X._Binh_Hung","Binh_Chanh","24,000 "
"Che_Buoi_Tuong_Vy","4","Street_food","Vietnam","B17/19_Ap_2_Xa_Vinh_Loc_B","Binh_Chanh","14,000 "
"Che_Chen_Trung_Hoa_-_Vinh_Loc","4.1","Street_food","Vietnam","2110_Vinh_Loc","Binh_Chanh","10,000 "
"Hu_Tieu_&_Giai_Khat_-_Tran_Dai_Nghia","3.8","Bistro","Vietnam","B6/1_Tran_Dai_Nghia","Binh_Chanh","11,500 "
"Chan_&_Me_Ga_Nuong_Thu_-_Duong_So_2B","3.2","Street_food","Vietnam","Cau_Kenh_Xang","Binh_Chanh","10,500 "
"Com_Nieu_Sai_Gon_Xua","3.45","Bistro","Vietnam","Lo_11B_KDC_Happy_City,_Nguyen_Van_Linh,_Xa_Binh_Hung","Binh_Chanh","27,000 "
"Thanh_Nghiep_Bakery_-_Quoc_Lo_50","3.15","Bakery","Vietnam","A19/12_Quoc_Lo_50,_Xa_Binh_Hung","Binh_Chanh","204,500 "
"Hiktea_-_Duong_So_10","3.95","Cafe","Taiwan","38_Duong_So_10,_Xa_Binh_Hung","Binh_Chanh","25,000 "
"ABC_Bakery_-_Binh_Chanh","3.9","Bakery","Western","A_27/9_Quoc_Lo_50,_P._Binh_Hung","Binh_Chanh","32,500 "
"Xom_Tra_Sua","4.05","Cafe","Vietnam","D7/49_Trinh_Nhu_Khue,_Xa_Binh_Chanh","Binh_Chanh","20,000 "
"Cop_Cafe","3.25","Cafe","Vietnam","E11/9_Thoi_Hoa","Binh_Chanh","12,500 "
"Cau_Ca_Giai_Tri_Lang_Ta_-_Duong_So_11","4.1","Bistro","Vietnam","1A_Duong_So_11","Binh_Chanh","80,000 "
"Bo_La_Lot_Mo_Chai_-_Trung_Son","3.25","Street_food","Vietnam","Duong_So_4,_Xa_Binh_Hung","Binh_Chanh","20,000 "
"Food_Studio_-_Centre_Mall_Pham_Hung","3.25","Bistro","Japan","Lau_3_Centre_Mall,_C6/27_Pham_Hung","Binh_Chanh","10,000 "
"Tri_An_Bakery_&_Milktea","3.35","Bakery","Vietnam","1/27_Dinh_Duc_Thien,_Ap_4,_X._Tan_Quy_Tay","Binh_Chanh","195,000 "
"Banh_Canh_Phan_Thiet_-_Duong_So_4","3.6","Bistro","Vietnam","Duong_So_4","Binh_Chanh","30,000 "
"Peppa_Food_-_Giao_Com_Van_Phong","4.5","Bistro","Vietnam","Chung_Cu_The_Easter_City,_6B_Pham_Hung,_Xa_Binh_Hung","Binh_Chanh","15,000 "
"Kem_Xoi_Dua_Bu_Bu_-_Pham_Hung","4.3","Cafe","Vietnam","C4/36_Pham_Hung,_Xa_Binh_Hung","Binh_Chanh","15,000 "
"Cafe_Nguyen_Chat_10k","3.6","Cafe","Vietnam","22_Duong_So_5","Binh_Chanh","15,000 "
"The_Chapel_Coffee_-_Duong_So_1","4.2","Cafe","Vietnam","136_Duong_So_1","Binh_Chanh","30,000 "
"Quan_An_Leo's_House","4.05","Bistro","Vietnam","C1/31G_Pham_Hung","Binh_Chanh","30,000 "
"Banh_Cuon_Ngon_-_Duong_So_5","3.55","Street_food","Vietnam","81_Duong_So_5","Binh_Chanh","15,000 "
"Co_Mai_-_Banh_Khot_&_Banh_Mi_Hap","4.8","Bistro","Vietnam","A18/19_Quoc_Lo_50,_Xa_Binh_Hung","Binh_Chanh","20,000 "
"Ly_Lan_-_Quan_An_&_Cafe","4.5","Cafe","Vietnam","B9_Khu_Dan_Cu_Hanh_Phuc,_Nguyen_Van_Linh","Binh_Chanh","15,000 "
"Tra_Sua_12K_-_Pham_Hung","3.4","Cafe","Vietnam","Hem_C7/21C_Pham_Hung","Binh_Chanh","20,000 "
"Ngon_Ngon_-_Banh_Mi_&_Banh_Uot","4.45","Street_food","Vietnam","D13/12A_Duong_Dinh_Cuc,_Xa_Tan_Kien","Binh_Chanh","15,000 "
"Quan_Yen_-_Bun_Rieu_&_Bun_Bo_-_Pham_Hung","3.4","Bistro","Vietnam","Hem_51_(C5)_Pham_Hung,_X._Binh_Hung","Binh_Chanh","20,000 "
"Lotteria_-_Vinh_Loc","3.8","Restaurant","Korea","D19/16C_Vinh_Loc_B","Binh_Chanh","255,000 "
"Chao_Long_Mat_&_Ca_-_Pham_Hung","3.4","Street_food","Vietnam","C9/2_Pham_Hung,_P._Binh_Hung","Binh_Chanh","35,000 "
"Mr_Thinh_-_Khoai_Lac,_Chuoi_Lac_&_Sake_Lac","4","Street_food","Vietnam","C9/4A1_Pham_Hung,_Xa_Binh_Hung","Binh_Chanh","17,500 "
"Mut_Dua_Ngoc_Giau","3.4","Street_food","Vietnam","Duong_So_9A","Binh_Chanh","20,000 "
"Com_Ga_Xoi_Mo_Frenzy_-_Vinh_Loc_A","3.7","Bistro","Vietnam","F8/38_Ap_6,_P._Vinh_Loc_A","Binh_Chanh","20,000 "
"Tea_&_Time_-_Tra_Sua","4.6","Cafe","Vietnam","Thoi_Hoa,_Xa_Vinh_Loc_A","Binh_Chanh","14,000 "
"San_San_-_Chao_Ech_Singapore","5","Bistro","Singapore","D19/23/12A_Vinh_Loc,_Ap_4A,_P._Vinh_Loc_B","Binh_Chanh","35,000 "
"LoveGarden_Cafe","3","Cafe","Vietnam","Duong_So_6B_,_Vinh_Loc_B","Binh_Chanh","20,000 "
"Sinh_To_Trung_Son","3.4","Cafe","Vietnam","16C_Duong_So_8,_Xa_Binh_Hung","Binh_Chanh","22,500 "
"Trai_Cay_To_-_Pham_Hung","3.1","Street_food","Vietnam","C6/27A_Pham_Hung,_X._Binh_Hung","Binh_Chanh","12,500 "
"Co_Tuyet_-_Sinh_To_&_Ca_Cao_Dua","3.65","Cafe","Vietnam","31_Duong_So_9","Binh_Chanh","20,000 "
"An_Vat_Ty_Pun_-_Banh_Trang_Ha_Cao_&_Mi_Tron_-_Quoc_Lo_50","3.3","Shop_Online","Vietnam","A29/37C_Quoc_Lo_50,_Xa_Binh_Hung_(Hem_A27/7_PNJ)","Binh_Chanh","50,000 "
"Banh_Mi_Ha_Noi_-_Pham_Hung","3.8","Bakery","Vietnam","C4/14D2_Pham_Hung","Binh_Chanh","12,500 "
"Hoa_Bay_-_Tra_Sua_&_My_Cay","4.3","Bistro","Vietnam","10/9C_Doan_Nguyen_Tuan,_Xa_Tan_Quy_Tay","Binh_Chanh","25,000 "
"Quan_An_So_1_-_Trung_Son","3.7","Bistro","Vietnam","68_KDC_Trung_Son,_Duong_So_9","Binh_Chanh","17,500 "
"Banh_Mi_Truong_An","3.4","Bakery","Vietnam","A12/36_Quoc_Lo_50,_Xa_Phong_Phu","Binh_Chanh","12,500 "
"Song_Huy_-_CLB_Cafe_Chim_Canh","4.15","Cafe","Vietnam","2_Duong_So_1C,_P._Binh_Hung","Binh_Chanh","29,500 "
"Hu_Tieu_Binh_Dan_-_Tran_Dai_Nghia","3.65","Bistro","Vietnam","B19/402_Tran_Dai_Nghia","Binh_Chanh","12,500 "
"Cool_-_Sinh_To_&_Cafe","4.65","Cafe","Vietnam","C8/4B1_Pham_Hung","Binh_Chanh","17,500 "
"Banh_Ngot_-_Pham_Hung","3.6","Street_food","Vietnam","C5/10BA9_Pham_Hung,_Xa_Binh_Hung","Binh_Chanh","20,000 "
"Tan_An_-_Lo_Banh_Mi_Dac_Ruot","3.5","Bakery","Vietnam","A11/4_Quoc_Lo_50,_Xa_Binh_Hung","Binh_Chanh","135,000 "
"Khang_-_Tra_Sua_Dai_Loan_&_Bap_Rim_Kho_Bo","3.65","Street_food","Vietnam","F7/20A_Duong_So_6B,_Xa_Vinh_Loc_B","Binh_Chanh","15,000 "
"Bo_La_Lot_Xuan_Cuong","3.5","Bistro","Vietnam","D5/35_Quoc_Lo_50,_Xa_Phong_Phu","Binh_Chanh","20,000 "
"Subi_-_Nuoc_Cot_Bi_Dao_-_Quoc_Lo_50","4.4","Street_food","Vietnam","A11/2_Quoc_Lo_50,_Xa_Binh_Hung","Binh_Chanh","15,000 "
"Tra_Sua_&_Sinh_To","3.4","Street_food","Vietnam","C3/19A_Pham_Hung,_Xa_Binh_Hung","Binh_Chanh","15,000 "
"Chao_Long_Chanh_Ot","4.7","Street_food","Vietnam","C5/13_Pham_Hung,_P._Binh_Hung","Binh_Chanh","20,000 "
"Hu_Tieu_-_Duong_So_1","3.5","Bistro","Vietnam","Duong_So_1,_Xa_Binh_Hung","Binh_Chanh","12,500 "
"Tyrex_Coffee","3.35","Cafe","Vietnam","100_-_102_Duong_So_9A,_KDC_Trung_Son,_Xa_Binh_Hung","Binh_Chanh","22,500 "
"Hien_Ky_Mi_Gia","3.35","Bistro","China","245_Duong_So_9A,_KDC_Trung_Son,_Xa_Binh_Hung","Binh_Chanh","37,500 "
"Nuoc_Thao_Moc_Nhu_Y","4.9","Street_food","Vietnam","C19_Duong_So_9,_Xa_Binh_Hung","Binh_Chanh","17,500 "
"Cafe_Lam_Son","4.2","Cafe","Vietnam","B5/121_Quoc_Lo_50,_Xa_Phong_Phu","Binh_Chanh","37,500 "
"Thanh_Huy_2_-_Tra_Sua_&_Sinh_To","3.9","Cafe","Vietnam","B12/5_Tran_Dai_Nghia","Binh_Chanh","15,000 "
"Phuong_Nam_Cafe_-_Tran_Dai_Nghia","3.9","Cafe","Vietnam","16B6F_Tran_Dai_Nghia","Binh_Chanh","12,500 "
"Bun_Rieu_Cua,_Hu_Tieu_&_Canh_Bun","3.9","Bistro","Vietnam","Hem_51_Pham_Hung,_P._Binh_Hung","Binh_Chanh","20,000 "
"Coffee_77","3.9","Cafe","Vietnam","318_Cao_Lo,_P._4","Binh_Chanh","11,000 "
"Ga_Ran_Momo","3.2","Street_food","Vietnam","D9/5_Duong_Dinh_Cuc","Binh_Chanh","59,500 "
"Simon_-_Coffee_&_Milk_Tea","3.2","Cafe","Vietnam","313A7/12_Ap_1","Binh_Chanh","20,000 "
"Light_Coffee_-_Ca_Phe_Da_Tinh_Khiet_-_Duong_So_6","4.1","Cafe","Vietnam","21_Duong_So_6,_KDC_Greenlife_13C,_Xa_Phong_Phu","Binh_Chanh","20,000 "
"Phuong_Dong_Coffee","3.8","Cafe","Vietnam","Quoc_Lo_50,_Xa_Phong_Phu","Binh_Chanh","20,000 "
"Banh_Trang_Ba_So","3.8","Street_food","Vietnam","F8/34_Ap_6,_Vinh_Loc,_Xa_Vinh_Loc_A","Binh_Chanh","15,000 "
"Saka_-_Tra_Sua_&_Mi_Cay","3.8","Bistro","Vietnam","C1/3L_Bui_Thanh_Khiet,_TT._Tan_Tuc","Binh_Chanh","27,500 "
"Quan_Chay_Tinh_Tam_Sen_-_Binh_Chanh","3.8","Vegetarian","Vietnam","A26/8_Quoc_Lo_50,_P._Binh_Hung","Binh_Chanh","85,000 "
"Quan_Hu_Tieu_Anh_Cuong","3.45","Bistro","Vietnam","E10/3_Dinh_Van_Uoc,_Xa_Hung_Long","Binh_Chanh","20,000 "
"ChaCha_Tea_&_Food","3.45","Cafe","Vietnam","Cho_Phong_Phu,_Quoc_Lo_50","Binh_Chanh","30,000 "
"Che_Thanh_Thao","3.45","Street_food","Vietnam","B4/34B_Vo_Van_Van,_Ap_Vinh_Loc_B","Binh_Chanh","15,000 "
"Bun_Dau_A_Boo","3.45","Bistro","Vietnam","75_Duong_So_5,_KDC_Trung_Son,_Xa_Binh_Hung","Binh_Chanh","45,000 "
"Banh_Mi_Ngoc_Thu","4.25","Street_food","Vietnam","1542_Tran_Dai_Nghia","Binh_Chanh","15,000 "
"Minh_229_-_Lau_Bo,_Lau_Hai_San_&_Cac_Mon_Nhau_Binh_Dan","4.25","Bistro","Vietnam","227_Duong_So_9A,_Xa_Binh_Hung","Binh_Chanh","102,500 "
"Quan_Ngoc_-_Tra_Sua_&_An_Vat","4.25","Cafe","Vietnam","44_Pham_Hung,_Xa_Binh_Hung","Binh_Chanh","12,500 "
"Banh_Trang_Kim_Ngan_-_Shop_Online","4.25","Shop_Online","Vietnam","C11/37A4_Pham_Hung,_X._Binh_Hung","Binh_Chanh","30,000 "
"Mi_Cay_Te_Lua_-_Tran_Van_Giau","3.3","Bistro","Vietnam","2A3_Tran_Van_Giau","Binh_Chanh","30,000 "
"Quan_Dung_-_Chan_Ga_&_Bach_Tuoc_Nuong","3.3","Street_food","Vietnam","27-29-31_Duong_So_9A","Binh_Chanh","17,500 "
"Napoli_Coffee_-_Duong_So_18","3.3","Cafe","Vietnam","26_Duong_So_18,_Khu_Dan_Cu_Him_Lam_6A","Binh_Chanh","25,000 "
"Banh_Trang_Co_Kieu","3.95","Street_food","Vietnam","F7/29I_Huong_Lo_80,_Xa_Vinh_Loc_A","Binh_Chanh","15,000 "
"Che_Thai_Tuyet_Van","3.95","Cafe","Vietnam","D6/6_Nguyen_Thi_Tu","Binh_Chanh","12,500 "
"Lucky_Tea_-_Tra_Sua_&_Sinh_To","3.15","Cafe","Vietnam","C4/20_Pham_Hung,_Ap_4,_Xa_Binh_Hung","Binh_Chanh","16,000 "
"Hao_Hao_-_Tra_Sua_&_Tra_Bi_Dao","3.15","Street_food","Vietnam","C1/26_Pham_Hung,_Xa_Binh_Hung","Binh_Chanh","10,000 "
"Tra_Sua_Doraemon_-_Duong_Lien_Ap","3.15","Cafe","Vietnam","Duong_Lien_Ap_1-2-3,_Xa_Vinh_Loc_B","Binh_Chanh","22,500 "
"Mr.Rubi_To_-_Tra_Sua","3.15","Street_food","Vietnam","C7/27B8_Pham_Hung,_Xa_Binh_Hung","Binh_Chanh","17,500 "
"Ntigi_Coffee_&_Flowers","3.15","Cafe","Vietnam","G8/26_Tran_Van_Giau,_Xa_Le_Minh_Xuan","Binh_Chanh","17,999 "
"Cafe_117","3.15","Cafe","Vietnam","B3/2K8_Ap_2","Binh_Chanh","15,000 "
"Bot_Chien,_Hu_Tieu_Xao_&_Mi_Xao","3.15","Street_food","Vietnam","146_Pham_Hung,_P._Binh_Hung","Binh_Chanh","20,000 "
"Sinh_To_&_Nuoc_Ep_-_Quoc_Lo_50","3.15","Cafe","Vietnam","A11/09D_Quoc_Lo_50","Binh_Chanh","12,500 "
"Trai_Cay_To_Suri","3.6","Street_food","Vietnam","C7/7A1_Pham_Hung,_Xa_Binh_Hung","Binh_Chanh","16,000 "
"Freshway_-_Food_&_Drink","4.8","Cafe","Vietnam","157_-_159_Duong_9A,_Xa_Binh_Hung","Binh_Chanh","61,000 "
"Tra_Sua_Kim_-_Duong_So_1","4","Street_food","Vietnam","171_Duong_So_1,_Xa_Binh_Hung","Binh_Chanh","24,500 "
"Loi_Xua_Cafe","3.9","Cafe","Vietnam","27_-_29_Duong_So__1B,_KDC_Trung_Son","Binh_Chanh","28,500 "
"Ngoc_Van_Cafe_San_Vuon","4.6","Cafe","Vietnam","B14/10C_Cay_Cam,_Ap_2,_Xa_Vinh_Loc_B","Binh_Chanh","15,000 "
"Canh_Bun_-_Hoang_Phan_Thai","3.25","Bistro","Vietnam","Hoang_Phan_Thai","Binh_Chanh","14,500 "
"Napoli_Coffee_-_Pham_Hung","3.6","Cafe","Vietnam","Sieu_Thi_Satra_Pham_Hung","Binh_Chanh","13,500 "
"Ahihi_-_Tra_Sua_&_An_Vat_-_Huynh_Van_Tri","3.9","Street_food","Vietnam","Huynh_Van_Tri","Binh_Chanh","31,000 "
"Banh_Mi_Hong_Lan","3.65","Street_food","Vietnam","C1/18_Pham_Hung,_Xa_Binh_Hung","Binh_Chanh","16,000 "
"Chao_Dinh_Duong_Viet_Soup_-_QL_50","4.5","Bistro","Vietnam","A6/16_Quoc_Lo_50,_Binh_Hung","Binh_Chanh","21,000 "
"LiBiCha_-_Milk_Tea_&_Coffee","3.65","Cafe","Vietnam","F9/18A2_Huong_Lo_80,_Xa_Vinh_Loc_A","Binh_Chanh","23,500 "
"Banh_Mi_Trung_&_Cha_-_Duong_So_9A","3.9","Street_food","Vietnam","309_Duong_So_9A","Binh_Chanh","13,500 "
"Quan_An_Tam_Ky_-_Bui_Thanh_Khiet","3.8","Bistro","Vietnam","145_Bui_Thanh_Khiet,_TT._Tan_Tuc","Binh_Chanh","28,500 "
"Alo_Mi_Cay","3.9","Bistro","Vietnam","106_Duong_So_7,_KDC._Trung_Son","Binh_Chanh","33,500 "
"Hi_Tea_-_Tra_Sua_Delivery","3.9","Cafe","Vietnam","P8_-_16_Duong_So_4,_KDC_6B_Intresco","Binh_Chanh","21,000 "
"Bo_Ne_-_C1/52_Pham_Hung","4","Bistro","Vietnam","C1/52_Pham_Hung","Binh_Chanh","19,500 "
"4_Mua_Cafe","3.2","Cafe","Vietnam","Duong_So_4,_P._Binh_Hung","Binh_Chanh","13,500 "
"Sang_Cafe","3.8","Cafe","Vietnam","253_Duong_So_9A,_KDC_Trung_Son,_Xa_Binh_Hung","Binh_Chanh","23,500 "
"Lucky_Cafe_-_Duong_So_10","2.9","Cafe","Vietnam","46_Duong_So_10,_KDC_Binh_Hung","Binh_Chanh","23,500 "
"Pappa_Roti_-_Satra_Pham_Hung","3.95","Street_food","Malaysia","C7/27B8_Pham_Hung,_Xa_Binh_Hung","Binh_Chanh","16,000 "
"Tra_Sua_Thai_Nha_Lam_-_Shop_Online","3.15","Shop_Online","Thailand","Hem_C3_Pham_Hung,_Xa_Binh_Hung","Binh_Chanh","13,500 "
"Hoi_An_Pho_Coffee","3.15","Cafe","Vietnam","D15/24H_Vo_Van_Van,_Ap_4,_X._Vinh_Loc_B","Binh_Chanh","13,500 "
"Lo_Banh_Mi_Hoang_Hao","3.4","Bakery","Vietnam","C10/3A_Pham_Hung,_Xa_Binh_Hung","Binh_Chanh","136,500 "
"Sanh_Ca_Phe","3.95","Cafe","Vietnam","62_Duong_So_9A,_Xa_Binh_Hung","Binh_Chanh","26,500 "
"Si_Gon_Cafe","3.95","Cafe","Vietnam","Duong_So_5,_Xa_Binh_Hung","Binh_Chanh","19,000 "
"Dat_Sai_Gon_Cafe_-_Duong_So_5","3.9","Cafe","Vietnam","8_Duong_So_5","Binh_Chanh","19,500 "
"The_Feine_Cafe","3.65","Cafe","Vietnam","33_Duong_So_4,_KDC_Trung_Son,_Xa_Binh_Hung","Binh_Chanh","22,500 "
"1999_Steak_-_Nha_Hang_Beef_Steak","4.5","Bistro","Vietnam","28_Duong_So_7,_Xa_Binh_Hung","Binh_Chanh","107,500 "
"Quan_333_-_Com_Binh_Dan","3.25","Bistro","Vietnam","D20/28_Vo_Van_Van,_Ap_4,_Xa_Vinh_Loc_B","Binh_Chanh","17,500 "
"BOSS_Karaoke_&_Restaurant","3.95","Restaurant","Vietnam","Lau_3,_4_Toa_Nha_SISC,_27_-_29_-_31_Duong_So_9A,_KDC_Trung_Son,_Xa_Binh_Hung","Binh_Chanh","882,500 "
"Xien_Que_&_Lau_Nuong_-_KDC_Trung_Son","3.2","Bistro","Vietnam","Khu_Dan_Cu_Trung_Son,_Binh_Hung","Binh_Chanh","97,500 "
"Aqua_Tea_&_Coffee","3.6","Cafe","Vietnam","9A_Duong_So_2A,_Khu_Dan_Cu_Intresco","Binh_Chanh","17,500 "
"Lam_Lam_Mi_Gia","3.35","Bistro","China","65_Duong_So_9A","Binh_Chanh","22,500 "
"No71_Food_Market_-_Thien_Duong_Am_Thuc_Chau_A","3.8","Bistro","Vietnam","C3/6_Pham_Hung","Binh_Chanh","82,500 "
"Sua_Chua_-_Doc_Quyen_&_Deo_Min_-_Centre_Mall_Pham_Hung","4.25","Bakery","International","Tang_3_Centre_Mall_Pham_Hung,_C6/27_Pham_Hung,_Xa_Binh_Hung","Binh_Chanh","25,000 "
"Canh_Dieu_Cafe","3.35","Cafe","Vietnam","C7/19_Ap_3,_Xa_Binh_Hung","Binh_Chanh","35,000 "
"Quan_Bia_Set_65_-_Lau_Cua_&_Cua_Hap","3.05","Bistro","Vietnam","65_Duong_So_9A,_KDC_Trung_Son","Binh_Chanh","55,000 "
"Gear_Up_Cafe","4.65","Cafe","Vietnam","66_Duong_So_9,_Khu_Dan_Cu_Trung_Son,_Xa_Binh_Hung","Binh_Chanh","27,500 "
"Lang_Nuong_Mien_Tay_-_Quoc_Lo_50","4.4","Restaurant","Vietnam","A11/13A_Quoc_Lo_50,_Xa_Binh_Hung","Binh_Chanh","182,500 "
"Khanh_Ly_-_Banh_Uot_&_Banh_Cuon","3.8","Bistro","Vietnam","C3/14_Pham_Hung,_Xa_Binh_Hung","Binh_Chanh","18,500 "
"Chao_Gan_Bo_5_Chi_Em","3.7","Bistro","Vietnam","C5/10B_Binh_Hung","Binh_Chanh","17,500 "
"Xin_Chao_Cafe","3.75","Cafe","Vietnam","KP3,_Thi_Tran_Tan_Tuc","Binh_Chanh","22,500 "
"Quan_Oc_Cu_Bo","4.7","Bistro","Vietnam","A3/14_Vo_Van_Van,_Xa_Vinh_Loc_B","Binh_Chanh","22,500 "
"Phong_Van_-_Cafe_San_Vuon","3.35","Cafe","Vietnam","Duong_Kenh_C","Binh_Chanh","17,500 "
"Com_Tam_&_Bun_Thit_Nuong_-_Quan_An_Binh_Dan","3.8","Bistro","Vietnam","Hem_C6_Pham_Hung,_Ap_4A","Binh_Chanh","17,500 "
"Cat_Tuong_Coffee_-_Duong_So_1A","4.6","Cafe","Vietnam","19_Duong_So_1A,_KDC_Greenlife_13C_Nguyen_Van_Linh,_Xa_Phong_Phu","Binh_Chanh","27,500 "
"Bo_To_Nam_Sanh_19_-_Quoc_Lo_50","3.65","Bistro","Vietnam","E4/111A_Quoc_Lo_50,_P._5","Binh_Chanh","107,500 "
"Rampot_-_The_Gioi_Am_Thuc_Ngon_Bo_Re","3.35","Bistro","Vietnam","Kiot_1_No71_FoodMarket,_C3/6_Pham_Hung","Binh_Chanh","157,000 "
"Fresh_Milk_-_Shop_Online","4.1","Shop_Online","Vietnam","C3/1D3_Pham_Hung,_P._Binh_Hung","Binh_Chanh","15,000 "
"Que_Huong_-_Quan_Com","3.65","Bistro","Vietnam","C6A/3F_Vo_Van_Van","Binh_Chanh","17,500 "
"Thai_Cafe","3.5","Cafe","Vietnam","94_Duong_So_1,_KDC_Trung_Son","Binh_Chanh","32,500 "
"Don_Vi_Toi_-_Cafe_Racer","4.6","Cafe","Vietnam","G2/16_Tran_Van_Giau","Binh_Chanh","432,500 "
"Hong_Ha_Coffee_Shisha_-_Duong_10","4","Cafe","Vietnam","11_Duong_So_10,_Khu_Trung_Son","Binh_Chanh","57,500 "
"Banh_Cuon_Tay_Son_-_Shop_Online","5","Shop_Online","Vietnam","Phan_Thi_Tu,_Xa_Vinh_Loc_A","Binh_Chanh","17,500 "
"Milano_Coffee_-_Huynh_Van_Tri","5","Cafe","Vietnam","D12/17_Huynh_Van_Tri,_Ap_4,_Xa_Binh_Chanh","Binh_Chanh","32,500 "
"Bun_Ca_Chau_Doc_Co_Hue","3.6","Bistro","Vietnam","C3/21A_Pham_Hung,_Xa_Binh_Hung","Binh_Chanh","15,000 "
"Delice","4.9","Street_food","Vietnam","66_Duong_So_3_KDC_Trung_Son,_Xa_Binh_Hung_(Doi_Dien_Truong_Singapore_International)","Binh_Chanh","25,000 "
"Banh_Trang_Ong_Gia_-_Chanh_Hung","3.5","Street_food","Vietnam","C3/16_Chanh_Hung","Binh_Chanh","25,000 "
"Banh_Mi_Hong_Ngoc_-_Duong_So_4","3.9","Street_food","Vietnam","39_Duong_So_4,_KDC_Trung_Son","Binh_Chanh","15,000 "
"Cut_Chien_Bo_-_Pham_Hung","3.4","Street_food","Vietnam","C3/16_Pham_Hung,_Xa_Binh_Hung","Binh_Chanh","20,000 "
"Pho_Quynh","3.35","Bistro","Vietnam","1_Tan_Tuc","Binh_Chanh","20,000 "
"Cafe_&_Sinh_To_Trai_Cay_-_Duong_So_8","3.35","Street_food","Vietnam","103_Duong_So_8","Binh_Chanh","17,500 "
"Wings_-_Tra_Sua,_Xien_Que_&_An_Vat","3.9","Cafe","Vietnam","E3/54_Tan_Long","Binh_Chanh","20,000 "
"Tra_Chanh_Zalo_Quan","3.9","Cafe","Vietnam","F1/13G_DH80,_Xa_Vinh_Loc_A","Binh_Chanh","17,500 "
"Buon_Ho_Coffee_-_Thi_Tran_Tan_Tuc","3.9","Cafe","Vietnam","Khu_Pho_3,_Cao_Toc_Trung_Luong,_Thi_Tran_Tan_Tuc","Binh_Chanh","20,000 "
"Golden_Coffee_-_Le_Dinh_Chi","3.9","Cafe","Vietnam","G9/42_Le_Dinh_Chi,_X._Le_Minh_Xuan","Binh_Chanh","25,000 "
"Monkey_Kid_-_Banh_Chuoi_Thai_&_Banh_Mi_Nuong_Indonesia","3.9","Street_food","Thailand","Hem_C3_Pham_Hung","Binh_Chanh","18,500 "
"Quan_An_Hung_Xiu_-_Hu_Tiu_Xao_&_Com_Ga_Xoi_Mo","4","Bistro","Vietnam","A26/4_Quoc_Lo_50,_Xa_Binh_Hung","Binh_Chanh","37,500 "
"Com_Tam_Toan","4","Bistro","Vietnam","C7/27/32_Pham_Hung,_Xa_Binh_Hung","Binh_Chanh","17,500 "
"Lien_Hoa_-_Com_Chay","3.2","Vegetarian","Vietnam","15/23_Vo_Van_Van,_Xa_Vinh_Loc_B","Binh_Chanh","17,500 "
"Tra_Sua_Sunco","3.2","Cafe","Vietnam","23_Duong_11,_KDC._Him_Lam,_P._Binh_Hung","Binh_Chanh","207,500 "
"Quan_An_187_-_Chao_Long","3.2","Bistro","Vietnam","1A187_Vinh_Loc,_Xa_Pham_Van_Hai","Binh_Chanh","22,500 "
"Tra_Sua_Pandan","4.1","Street_food","Vietnam","C9/63_Vo_Van_Van,_Ap_3,_Xa_Vinh_Loc_B","Binh_Chanh","17,500 "
"Tra_Sua_OIC","3.8","Cafe","Vietnam","A2/30D_Lien_Ap_123,_Vinh_Loc_A","Binh_Chanh","20,000 "
"My_House_Coffee_-_Duong_So_15","3.45","Cafe","Vietnam","63_Duong_So_15,_Xa_Binh_Hung","Binh_Chanh","37,500 "
"Ali_Coffee","3.45","Cafe","Vietnam","E2/40A_Thoi_Hoa","Binh_Chanh","25,000 "
"Banh_Dai_Loan_-_Chau_Nguyen_-_Shop_Online","4.25","Shop_Online","Taiwan","E11/332A/2_Quoc_Lo_50,_Xa_Da_Phuoc","Binh_Chanh","22,500 "
"Chao_-_Coffee_&_Tea","4.25","Cafe","Vietnam","C10/76_Lai_Hung_Cuong,_Xa_Vinh_Loc_B","Binh_Chanh","27,500 "
"Viva_Star_Coffee_-_Pham_Hung","2.9","Cafe","Vietnam","C7/7A2_Pham_Hung,_Xa_Binh_Hung","Binh_Chanh","24,000 "
"Bao_Tran_Milk_Tea","2.9","Cafe","Vietnam","F6/5C_Lai_Hung_Cuong,_Xa_Vinh_Loc_B","Binh_Chanh","22,500 "
"Smile_1+_-_Sinh_To,_Nuoc_Ep_&_An_Vat","2.9","Bistro","Vietnam","11/13A_Tan_Tuc,_Ap_3,_Xa_Tan_Quy_Tay","Binh_Chanh","17,500 "
"Chao_Suon_Dac_Biet_-_Nu_Dan_Cong","3.95","Bistro","Vietnam","C2/16_Nu_Dan_Cong,_X._Vinh_Loc_A","Binh_Chanh","32,500 "
"Chubby_House","3.95","Cafe","Vietnam","A3/14D_Vo_Van_Van,_Xa_Vinh_Loc_B","Binh_Chanh","32,500 "
"Com_Ga_Quach_Dieu","3.95","Bistro","Vietnam","E1/43C_Thoi_Hoa","Binh_Chanh","22,500 "
"Moc_-_Com_Tam_&_Cafe","3.95","Cafe","Vietnam","49_Duong_So_8,_Xa_Binh_Hung","Binh_Chanh","40,000 "
"Le_Tran_Ca_Phe","3.15","Cafe","Vietnam","1139_Quoc_Lo_50,_Xa_Binh_Hung","Binh_Chanh","24,000 "
"Moc_Lan_Coffee_&_Tea","3.15","Cafe","Vietnam","D20/28A_Vo_Van_Van,_Ap_4,_Xa_Vinh_Loc_B","Binh_Chanh","25,000 "
"Minh_Phuc_-_Banh_Canh_Ca_Loc","3.15","Bistro","Vietnam","E4/10A_Thoi_Hoa","Binh_Chanh","32,500 "
"Phuong_Hang_-_Hamburger","3.15","Street_food","Vietnam","4_Duong_So_5A_,_KDC_Binh_Hung","Binh_Chanh","22,500 "
"Phuong_-_Sinh_To_&_Giai_Khat","3.15","Cafe","Vietnam","20_-_22_Duong_So_9A,_Xa_Binh_Hung","Binh_Chanh","20,000 "
"Tra_Sua_A_Hi_-_Xien_Que_&_My_Cay_-_Duong_So_6B","3.15","Street_food","Vietnam","F7/16C_Ap_6_Duong_So_6B,_X._Vinh_Loc_B","Binh_Chanh","27,500 "
"Phuong_Hien_-_Banh_Mi_Thit_Nuong_-_Shop_Online","3.15","Shop_Online","Vietnam","142_Duong_So_7,_KDC_Trung_Son,_Xa_Binh_Hung","Binh_Chanh","17,500 "
"Quan_Com_Hong_Thinh","3.25","Bistro","Vietnam","D20/4_Vo_Van_Van,_Ap_4,_X._Vinh_Loc_B","Binh_Chanh","18,500 "
"Goi_Be_&_Nem_Chao_-_Pham_Hung","3.7","Bistro","Vietnam","C1/5_Pham_Hung,_X._Binh_Hung","Binh_Chanh","133,500 "
"Trung_Nguyen_E-Coffee_-_30_Duong_So_5","5","Cafe","Vietnam","30_-_32_Duong_So_5,_Xa_Binh_Hung","Binh_Chanh","26,000 "
"The_Cups_Coffee_-_Vo_Van_Van","4.1","Cafe","Vietnam","B6/14_Vo_Van_Van,_Xa_Vinh_Loc_B","Binh_Chanh","21,000 "
"Quan_999_-_Com_Tam,_Hu_Tieu_Nam_Vang_&_Lau_Xi_Quach","3.8","Bistro","Vietnam","C4/19_Pham_Hung,_Ap_4,_Xa_Binh_Hung","Binh_Chanh","43,500 "
"Thuan_Kieu_-_Com_Tam_Binh_Dan_-_Tran_Van_Giau","4.1","Bistro","Vietnam","1A69_Tran_Van_Giau,_X._Pham_Van_Hai","Binh_Chanh","26,000 "
"Inno_Kafe","3.9","Cafe","Vietnam","45_Duong_So_3,_KDC_Trung_Son","Binh_Chanh","29,000 "
"Quan_Com_Co_Tam","3.6","Bistro","Vietnam","C3/12_Pham_Hung,_Xa_Binh_Hung","Binh_Chanh","19,000 "
"Home_Coffee","3.9","Cafe","Vietnam","355_Pham_Hung,_P._Binh_Hung","Binh_Chanh","26,500 "
"Com_Tam_Ut_Lai","3.45","Bistro","Vietnam","Duong_So_9","Binh_Chanh","21,500 "
"Joy_Coffee_Shop","3.95","Cafe","Vietnam","6_Duong_So_6,_Khu_Dan_Cu_Him_Lam","Binh_Chanh","26,500 "
"Quan_Com_Co_Hai","3.15","Bistro","Vietnam","D20_Vo_Van_Van,_Ap_4,_X._Vinh_Loc_B","Binh_Chanh","19,000 "
"The_Coffee_Shop_-_Nguyen_Van_Linh","4.9","Cafe","Vietnam","B01_-_02_Chung_Cu_Conic_Garden,_Nguyen_Van_Linh,_Xa_Phong_Phu","Binh_Chanh","27,000 "
"An_Food's_-_Trai_Cay_Sach_-_Vinh_Loc","3.35","Bistro","Vietnam","F1/31Y_Vinh_Loc,_Xa_Vinh_Loc_A","Binh_Chanh","109,000 "
"Rau_Ma_Flacota_-_Pham_Hung","3.95","Cafe","Vietnam","C7B/157/26_Pham_Hung,_P._Binh_Hung","Binh_Chanh","25,000 "
"De_Nhat_BBQ","3.35","Bistro","Vietnam","43-45_Duong_So_1A,_KDC_Trung_Son,_Binh_Hung","Binh_Chanh","50,000 "
"Bun_Mam_Co_Ba_-_Pham_Hung","3.5","Bistro","Vietnam","C1/24_Pham_Hung,_P._5","Binh_Chanh","30,000 "
"Com_Nieu_Trung_Son","3.65","Bistro","Vietnam","285_-_287_Duong_So_9A,_KDC_Trung_Son,_Xa_Binh_Hung","Binh_Chanh","40,000 "
"Hala_Coffee","4.05","Cafe","Vietnam","C7/19BA,_Duong_C7C,_Ap_4A,_X._Binh_Hung","Binh_Chanh","25,000 "
"Thuy_Duong_-_Nhau_Bo_Song_-_Ga_Nuong_Mam_Nhi","3.35","Bistro","Vietnam","1_Duong_So_1,_KDC_Trung_Son","Binh_Chanh","147,500 "
"Chi_Loan_-_Bun_Nuoc_Leo_Soc_Trang","3.7","Bistro","Vietnam","78_Duong_So_1,_KDC_Trung_Son,_Xa_Binh_Hung","Binh_Chanh","37,500 "
"Hong_Van_-_Chao_Ga_&_Vit","3.25","Bistro","Vietnam","C8/5_Vo_Van_Van,_Ap_3,_To_12,_Xa_Vinh_Loc_B","Binh_Chanh","35,000 "
"Su_Tu_Xoan_Cafe_-_Binh_Chanh","3.3","Cafe","Vietnam","Gan_Nha_Tho_Binh_Chanh","Binh_Chanh","27,500 "
"Kapu_Milk_Tea","3.15","Cafe","Vietnam","97_Duong_So_9A,_Xa_Binh_Hung","Binh_Chanh","27,500 "
"MTP_Coffee_&_Lounge","3.8","Cafe","Vietnam","146_Duong_So_1","Binh_Chanh","60,000 "
"Ca_Vien_Chien_Sinh_Vien","4.5","Street_food","Vietnam","1069/8_Quoc_Lo_50,_Ap_3A,_Xa_Binh_Hung","Binh_Chanh","40,000 "
"Phoenix_Cafe_-_Centre_Mall","3.75","Cafe","Vietnam","Lau_3_Centre_Mall,_C6/27_Pham_Hung","Binh_Chanh","35,000 "
"Co_Lieu_-_Sinh_To_&_Che_Thai","3.6","Cafe","Vietnam","C3/12_Pham_Hung,_Xa_Binh_Hung","Binh_Chanh","25,000 "
"Banh_Gao_Cay_Tokbokki","3.45","Street_food","Korea","54/141_Pham_Hung,_Xa_Binh_Hung","Binh_Chanh","35,000 "
"Bep_Soi_Thuong_-_Ga_Tiem_Ot_Xiem_-_Shop_Online","4.1","Bistro","Vietnam","A23/2_Quoc_Lo_50,_X._Binh_Hung","Binh_Chanh","35,000 "
"Sai_Gon_Xua_Cafe_-_Duong_So_9A","3.95","Cafe","Vietnam","120_Duong_So_9A","Binh_Chanh","25,000 "
"Cuc_Kia_-_Banh_U_Nguoi_Tieu","4.3","Street_food","China","100_Duong_C4,_Xa_Binh_Hung","Binh_Chanh","25,000 "
"E-Coffee_Trung_Nguyen_Mizuki","4.75","Cafe","Vietnam","20_Duong_So_1,_KDC_Phi_Long_5,_X._Binh_Hung","Binh_Chanh","28,500 "
"Song_Que_-_Binh_Chanh","4.1","Bistro","Vietnam","Duong_So_1_Khu_Trung_Son","Binh_Chanh","120,000 "
"Xuan_Quynh_-_Tra_Sua_Collagen_&_Banh_Trang_Tron","3.9","Street_food","Vietnam","D17/42_To_57_Ap_4,_Xa_Hung_Long","Binh_Chanh","29,500 "
"Sinh_Doi_-_Pho","3.65","Bistro","Vietnam","2264_Huong_Lo_80,_X._Vinh_Loc_B","Binh_Chanh","37,500 "
"Bun_Ca_Di_Quynh","3.4","Street_food","Vietnam","Hem_C7/20_Pham_Hung","Binh_Chanh","25,000 "
"Pho_Gia_Dinh_-_Nguyen_Cuu_Phu","3.95","Bistro","Vietnam","740_Nguyen_Cuu_Phu,_Xa_Tan_Kien","Binh_Chanh","25,000 "
"Ba_Ba_-_Lau_Hai_San","3.35","Bistro","Vietnam","F1/23_Ap_6_Huong_Lo_80,_X._Vinh_Loc_A","Binh_Chanh","37,500 "
"Cafe_Bo_Song_Trung_Son","3.25","Cafe","Vietnam","Duong_So_7A","Binh_Chanh","32,000 "
"Quan_Phuc_2_-_Dac_San_Dong_Que_&_Bo_To_Cu_Chi","3.8","Bistro","Vietnam","38_Duong_So_9,_KDC_Trung_Son","Binh_Chanh","135,000 "
"Banh_Cuon_Nong,_Banh_Uot_&_Banh_Cuon_Trung","5","Bistro","Vietnam","A24/19_Quoc_Lo_50,_Xa_Binh_Hung","Binh_Chanh","23,500 "
"Com_Ga_Xoi_Mo_-_Duong_So_5","3.8","Bistro","Vietnam","67_Duong_So_5","Binh_Chanh","25,000 "
"Com_Tam_79_-_Vo_Van_Van","3.7","Bistro","Vietnam","A2/2K_Vo_Van_Van","Binh_Chanh","25,000 "
"Quan_Oc_68","3.2","Bistro","Vietnam","137_Duong_So_9A,_Trung_Son","Binh_Chanh","37,500 "
"Hu_Tieu_&_Bo_Kho_Banh_Mi","3.35","Bistro","Vietnam","Quoc_Lo_50,_Xa_Tan_Kim","Binh_Chanh","22,500 "
"Com_Tam_Co_Ba_-_Pham_Hung","3.4","Bistro","Vietnam","C3/9_Pham_Hung","Binh_Chanh","25,000 "
"Kimbap_City_-_Mon_An_Han_Quoc_-_Trung_Son","4.5","Shop_Online","Korea","120_Duong_So_9A","Binh_Chanh","100,000 "
"Quoc_Huy_Cafe_-_Bui_Thanh_Khiet","4.1","Cafe","Vietnam","C9/20A_Bui_Thanh_Khiet,_KP._3","Binh_Chanh","35,000 "
"Bun_Dau_Mam_Tom_-_Duong_So_7","3.9","Bistro","Vietnam","103_Duong_So_7","Binh_Chanh","33,500 "
"Quan_Ngoc_-_Bun_Bo_&_Hu_Tieu","3.9","Bistro","Vietnam","C3/4N2_Pham_Hung","Binh_Chanh","22,500 "
"Hu_Tieu_Chay_Sa_Dec_-_Pham_Hung","3.5","Vegetarian","Vietnam","C6/27_Pham_Hung,_Xa_Binh_Hung","Binh_Chanh","20,000 "
"Oc_Oanh_-_Duong_So_1","4.5","Bistro","Vietnam","A2/1N1_Duong_So_1,_Ap_2,_Xa_Binh_Hung","Binh_Chanh","60,000 "
"Hu_Tieu_Mi,_Nui_&_Banh_Canh_-_Duong_So_8","3.9","Street_food","Vietnam","23_Duong_So_8","Binh_Chanh","20,000 "
"Banh_Cuon_&_Banh_Uot_Ngon","3.4","Street_food","Vietnam","74_Duong_So_14,_KDC_Phong_Phu_4","Binh_Chanh","22,500 "
"Bep_Hao_Hao_-_Dinh_Cao_An_Vat_-_KDC_Trung_Son","3.6","Shop_Online","Vietnam","28_Duong_So_7,_KDC_Trung_Son,_Xa_Binh_Hung","Binh_Chanh","57,500 "
"Hu_Tiu_Sa_Dec","3.5","Bistro","Vietnam","C3/3_Pham_Hung,_Xa_Binh_Hung","Binh_Chanh","22,500 "
"Sunrise_Kebab_-_Pham_Hung","3.9","Street_food","Turkey","C5/20_Pham_Hung,_Xa_Binh_Hung","Binh_Chanh","22,500 "
"An_Vat_BoBo_-_Quach_Dieu","3.9","Street_food","Vietnam","C1/11A_Quach_Dieu,_Xa_Vinh_Loc_A","Binh_Chanh","30,000 "
"Bun_Rieu_-_Thoi_Hoa","3.35","Bistro","Vietnam","E7/69B_Thoi_Hoa,_Xa_Vinh_Loc_A","Binh_Chanh","30,000 "
"Bun_Dau_Mam_Tom_-_Quan_Chuoi","3.9","Bistro","Vietnam","D9/13_Ap_4,_Xa_Binh_Chanh","Binh_Chanh","35,000 "
"Nam_Tien_-_Quan_An_Gia_Dinh","3.9","Bistro","Vietnam","12B3_Tran_Dai_Nghia","Binh_Chanh","22,500 "
"Hu_Tieu_Mi_Xa_Xiu_&_Thap_Cam","3.9","Bistro","Vietnam","680/42_Duong_So_4,_Xa_Binh_Hung","Binh_Chanh","25,000 "
"Com,_Chao_&_Mien_Ga_Ta_-_Pham_Hung","4","Bistro","Vietnam","C3/4_Pham_Hung","Binh_Chanh","20,000 "
"Ba_Phi_-_Pho_&_Bun_Bo","4","Bistro","Vietnam","Duong_So_4","Binh_Chanh","22,500 "
"Golden_Coffee_-_Lang_Le_Bau_Co","4.1","Cafe","Vietnam","35E_Lang_Le_Bau_Co,_P._Le_Minh_Xuan","Binh_Chanh","32,500 "
"Bi_-_Tra_Sua_Nha_Lam","4.1","Street_food","Vietnam","C11/9_Pham_Hung,_X._Binh_Hung","Binh_Chanh","25,000 "
"Hung_Long_Quan_-_Nhau_Binh_Dan","3.45","Bistro","Vietnam","C1/26_Huong_Lo_11,_Xa_Hung_Long","Binh_Chanh","85,000 "
"Pho_Bo_Kho_&_Banh_Mi_Thit","3.45","Bistro","Vietnam","Bo_Nha_Tho","Binh_Chanh","27,500 "
"Com_24_Mon","3.45","Bistro","Vietnam","B6/16_Quoc_Lo_50","Binh_Chanh","35,000 "
"Hien_-_Com_Tam_Binh_Dan","4.25","Bistro","Vietnam","A11/1_Duong_So_10_Quoc_Lo_50,_P._Binh_Hung","Binh_Chanh","22,500 "
"Vinh_Loc_Quan_-_Bun_Bo_Gio_Heo","4.25","Bistro","Vietnam","A6/4B_Ap_1","Binh_Chanh","25,000 "
"Ngoc_-_Chao_Long_&_Bun_Bo_Hue","4.55","Bistro","Vietnam","C3/4_Pham_Hung","Binh_Chanh","25,000 "
"Miss_You_Cafe","2.9","Cafe","Vietnam","98_Duong_So_10,_X._Binh_Hung","Binh_Chanh","32,000 "
"Tra_Sua_Wecha","2.9","Cafe","Vietnam","Nga_3_Thoi_Hoa_-_Quach_Dieu,_Xa_Vinh_Loc_A","Binh_Chanh","25,000 "
"Tri_Ky_Quan_-_Bo_To_&_Hai_San","2.9","Bistro","Vietnam","A3/14Z_Vo_Van_Van,_P._Vinh_Loc_B","Binh_Chanh","190,000 "
"Kim_Thuy_-_Banh_Canh_Ca_Loc","3.3","Bistro","Vietnam","1A-226/1_Vinh_Loc","Binh_Chanh","22,500 "
"Nha_Hang_Huong_Lua_4_-_Duong_13","3.95","Restaurant","Vietnam","123_Duong_13,_Ap_5_Phong_Phu","Binh_Chanh","260,000 "
"Ngoc_Trai_-_Nha_Hang_Hai_San","3.15","Bistro","Vietnam","F12/2A_Quach_Dieu,_Xa_Vinh_Loc_A","Binh_Chanh","285,000 "
"Nhung_Nguoi_Sai_Gon_Cafe","3.15","Cafe","Vietnam","G8/36,_Ap_7,_Tinh_Lo_10,_Xa_Le_Minh_Xuan","Binh_Chanh","30,000 "
"Ga_Ta_Khue_Thuy","3.15","Bistro","Vietnam","C6A/19_Vo_Van_Van,_Ap_4,_Xa_Vinh_Loc_B","Binh_Chanh","22,500 "
"Quan_Com_Phong_Phu_-_Vo_Van_Van","3.15","Bistro","Vietnam","D20/26_Vo_Van_Van,_Ap_4,_X._Vinh_Loc_B","Binh_Chanh","25,000 "
"Chau's_Kitchen_-_An_Vat_Online","3.15","Shop_Online","Vietnam","KDC_Conic,_Nguyen_Van_Linh","Binh_Chanh","25,000 "
"Quan_An_Khanh_Hien","3.15","Bistro","Vietnam","C9/3_Pham_Hung,_Xa_Binh_Hung","Binh_Chanh","23,500 "
"Quan_40_-_Nui_Xao,_Mi_Xao_&_Com_Chien","3.15","Bistro","Vietnam","40_Duong_So_17","Binh_Chanh","25,000 "
"Gia_Phat_-_Com_Chien_Ga_Xoi_Mo","3.15","Bistro","Vietnam","C6A/31_Vo_Van_Van,_Ap_3A,_X._Vinh_Loc_B","Binh_Chanh","30,000 "
"Com_Ga_Xoi_Mo_-_Pham_Hung","3.15","Bistro","Vietnam","C1/25_Pham_Hung,_Xa_Binh_Hung","Binh_Chanh","25,000 "
"Thao_Le_-_Com_Tam_Dem","3.6","Bistro","Vietnam","A1/15_Quoc_Lo_50,_Xa_Binh_Hung","Binh_Chanh","31,000 "
"Bun_Dau_3_Chi_Em_-_Huong_Lo_80","3.55","Bistro","Vietnam","F8/8_Huong_Lo_80,_Ap_6,_Xa_Vinh_Loc_A","Binh_Chanh","36,000 "
"Bun_Dau_Bach_Cau","3.65","Bistro","Vietnam","C5/18_Pham_Hung","Binh_Chanh","66,001 "
"An_Nhien_-_Cafe_&_Diem_Tam_-_Duong_So_9A","3.35","Cafe","Vietnam","85_Duong_So_9A,_KDC_Trung_Son,_Xa_Binh_Hung","Binh_Chanh","35,000 "
"Milk_Tea_-_Coffee_The_Only_T","3.95","Cafe","Vietnam","E1/5G2_Quach_Dieu,_P._Vinh_Loc_A","Binh_Chanh","29,000 "
"Rat_Hue_-_Cac_Mon_Hue","3.5","Bistro","Vietnam","78_Duong_So_8,_KDC_Trung_Son,_Xa_Binh_Hung","Binh_Chanh","35,000 "
"1990_Fresh_Milk_Tea","4.25","Street_food","Vietnam","28_Duong_So_7,_Xa_Binh_Hung","Binh_Chanh","30,000 "
"Quan_An_Ba_Do_-_Duong_20","3.9","Bistro","Vietnam","3_Duong_20,_KDC_Binh_Hung","Binh_Chanh","30,000 "
"Ca_Ri_Quang","4.15","Bistro","Vietnam","KDC_Phong_Phu,_25_Duong_19C,_X._Phong_Phu","Binh_Chanh","32,500 "
"Van_Thinh_Rest_Stop","4.3","Restaurant","Vietnam","C12/18A_Tan_Tuc,_KP._3","Binh_Chanh","62,500 "
"Com_Ga_Xoi_Mo_Anh_Vy_-_Trung_Son","3.9","Bistro","Vietnam","309_Duong_So_9A,_KDC_Trung_Son,_Xa_Binh_Hung","Binh_Chanh","35,000 "
"Nha_Trang_Quan_-_Bun_&_Banh_Canh_Cha_Ca","4.15","Bistro","Vietnam","60_Duong_So_7,_KDC_Conic,_Xa_Phong_Phu","Binh_Chanh","30,000 "
"My_Way_-_Tea_&_Coffee","3.6","Cafe","Vietnam","Tran_Van_Giau","Binh_Chanh","37,500 "
"Hu_Tieu_Ga_Phuoc_Loan","3.35","Bistro","Vietnam","24_Duong_So_5","Binh_Chanh","32,500 "
"Xuan_Huong_-_Am_Thuc_Sinh_Thai_&_Cau_Ca_Giai_Tri","3.35","Restaurant","Vietnam","C12/40_Nguyen_Van_Linh,_Xa_Binh_Hung","Binh_Chanh","120,000 "
"Bun_Mam_-_Pham_Hung","3.6","Bistro","Vietnam","C6/27_Pham_Hung,_Xa_Binh_Hung","Binh_Chanh","27,500 "
"Pho_Dung_-_Vinh_Loc_A","5","Bistro","Vietnam","F8/35_To_8,_P._Vinh_Loc_A","Binh_Chanh","62,500 "
"Lam_Ky_-_Hu_Tieu_Xao,_Mi_Xao_&_Com_Chien","4.95","Bistro","Vietnam","C6/5_Vo_Van_Van,_Ap_3,_X._Vinh_Loc_B","Binh_Chanh","27,500 "
"Bo_Bit_Tet_50","3.75","Bistro","Vietnam","C4/3_Trinh_Nhu_Khue,_Ap_3","Binh_Chanh","35,000 "
"Ti_Chuot_-_Quan_An_Binh_Dan","3.4","Bistro","Vietnam","E6/10_Thoi_Hoa","Binh_Chanh","137,500 "
"Thuy_Duong_-_Bot_Chien_Pate,_Mi_&_Hu_Tieu_Xao_Bo_Ma_Lai","4.1","Street_food","Vietnam","A1/3_Quoc_Lo_50,_Xa_Da_Phuoc","Binh_Chanh","30,000 "
"Hai_Hum_-_Quan_An_Binh_Dan","3.35","Bistro","Vietnam","A11/1_Quoc_Lo_1A","Binh_Chanh","40,000 "
"Hu_Tieu_Mi_Gia","3.4","Bistro","Vietnam","A5/39H_Lien_Ap_123,_Xa_Vinh_Loc_B","Binh_Chanh","27,500 "
"Dinh_Y_-_Com_Ga_Xoi_Mo","4.9","Bistro","Vietnam","2F-2T_Duong_So_10,_Xa_Binh_Hung","Binh_Chanh","27,500 "
"Nha_Trang_Quan_-_Bun_Cha_Ca_-_Khu_Dan_Cu_Conic","4","Bistro","Vietnam","2_Duong_So_2,_Doi_Dien_Block_H,_KDC_Conic,_13B_Nguyen_Van_Linh","Binh_Chanh","32,500 "
"Oc_Can_Gio","3.8","Bistro","Vietnam","92_Duong_So_8,_KDC_Trung_Son","Binh_Chanh","112,500 "
"Suoi_Mo_2_-_Vinh_Loc","4.3","Restaurant","Vietnam","F1/63,_To_2A,_Ap_6,_Quach_Dieu,_Xa_Vinh_Loc_A","Binh_Chanh","122,500 "
"Com_Tam_Hoang_Truong","5","Bistro","Vietnam","D8/1_Vo_Van_Van,_X._Vinh_Loc_B","Binh_Chanh","42,500 "
"Thang_Loi_-_Chao_Ga","3","Bistro","Vietnam","C3/15_Pham_Hung","Binh_Chanh","27,500 "
"Pho_Cuong","3.35","Bistro","Vietnam","26_Duong_So_22,_KDC_Him_Lam_6A,_Binh_Hung","Binh_Chanh","40,000 "
"Dung_Map_-_Oc_Dem_25K","3.65","Street_food","Vietnam","B7/1_Ap_2","Binh_Chanh","25,000 "
"Bun_Bo_Cam_Tu","3.65","Bistro","Vietnam","D20/17_Ap_4","Binh_Chanh","25,000 "
"Chi_Toai_-_Love_Ao_Dai_Coffee","4.2","Cafe","Vietnam","71_Duong_So_6,_KDC_Trung_Son","Binh_Chanh","40,000 "
"Quan_An_Gia_Dinh_Ut_Nam_-_Nguyen_Thi_Tu","4.4","Bistro","Vietnam","D1/10_Nguyen_Thi_Tu,_Ap_4","Binh_Chanh","32,500 "
"Xanh_Chuoi_-_Bun_Rieu_&_Bun_Thit_Nuong","3.35","Bistro","Vietnam","134_Duong_So_7,_KDC_Trung_Son,_Xa_Binh_Hung","Binh_Chanh","27,500 "
"Thao_Moc_Cafe_-_Duong_So_9A","3.05","Cafe","Vietnam","57_-_59_Duong_So_9A,_KDC_Trung_Son,_Xa_Binh_Hung","Binh_Chanh","35,000 "
"Hu_Tieu_-_Duong_So_10","4","Street_food","Vietnam","35_Duong_So_10","Binh_Chanh","27,500 "
"The_Bear's_Kitchen_-_Bep_Nha_Nang_Gau_-_Shop_Online","4.5","Shop_Online","Vietnam","C7B/27R_Vo_Van_Van,_P._Vinh_Loc_B","Binh_Chanh","312,500 "
"Cong_Hau_1_-_Com_Ga_Xoi_Mo","3.9","Bistro","Vietnam","B4/20C_Tran_Dai_Nghia","Binh_Chanh","27,500 "
"Vinh_Ky_Mi_Gia","3.6","Bistro","Vietnam","Duong_So_7","Binh_Chanh","30,000 "
"Kim_Thap_3_-_Hu_Tieu_Nam_Vang","3.5","Bistro","Vietnam","C14/20_Quoc_Lo_1A,_Xa_Tan_Kien","Binh_Chanh","37,500 "
"Quan_Cua","3.7","Bistro","Vietnam","C19/11_Duong_So_9,_Khu_Trung_Son","Binh_Chanh","67,500 "
"Hoa_Ky_-_Mi_Vit_Tiem_&_Sui_Cao_-_Nguyen_Thi_Tu","3.9","Bistro","China","D1/2b_Nguyen_Thi_Tu,_X.Vinh_Loc_B","Binh_Chanh","30,000 "
"Com_Ga_Binh_Dan","3.7","Bistro","Vietnam","Pham_Hung","Binh_Chanh","30,000 "
"Bun_Dau_Mam_Tom_-_Quach_Dieu","3.35","Bistro","Vietnam","50_Quach_Dieu","Binh_Chanh","45,000 "
"Quan_Lim_-_Pho_&_Bun_Dau_Mam_Tom","3.9","Bistro","Vietnam","146_Duong_So_1,_KDC_Trung_Son","Binh_Chanh","127,500 "
"Lau_De_SOS_-_Binh_Hung","3.9","Restaurant","Vietnam","45_Duong_So_10,_Xa_Binh_Hung","Binh_Chanh","102,500 "
"Ga_Tam_Ky_161_-_Com,_Chao_&_Goi_Ga","3.9","Bistro","Vietnam","161_Duong_9A,_KDC_Trung_Son,_Xa_Binh_Hung","Binh_Chanh","137,500 "
"Quan_Oc_Gia_Dinh_-_Dinh_Duc_Thien","3.9","Bistro","Vietnam","D17/33_Dinh_Duc_Thien","Binh_Chanh","112,500 "
"Pho_Kieu_Cafe_&_Bar","3.2","Cafe","Vietnam","68_Pham_Hung","Binh_Chanh","212,500 "
"Quan_An_Bich_Thu_-_Duong_Lien_Ap","3.45","Bistro","Vietnam","B5/120/5_Duong_Lien_Ap_2-3,_Xa_Da_Phuoc","Binh_Chanh","27,500 "
"Hang_-_Bun_Mang_Vit_&_Chao_-_Pham_Hung","3.45","Bistro","Vietnam","118_Pham_Hung,_X._Binh_Hung","Binh_Chanh","52,500 "
"Quan_Loan_-_Pho_Bo","3.45","Bistro","Vietnam","C10/45_Dinh_Duc_Thien,_Ap_3,_X._Binh_Chanh","Binh_Chanh","30,000 "
"Hello_-_Ga_Ran_&_Tra_Sua","4.25","Bistro","Vietnam","29_Duong_So_5,_KDC_Dai_Phuc_Green_Villas,_Xa_Binh_Hung","Binh_Chanh","27,500 "
"Mi_Chu_Cao_-_Hu_Tieu_&_Nui_Xao_Bo","4.55","Bistro","Vietnam","C5/14_Pham_Hung","Binh_Chanh","32,500 "
"Minh_Ngoc_Quan_-_Bun_Moc,_Bo_Kho_&_Hoanh_Thanh","2.9","Bistro","Vietnam","SH4/D03_Chung_Cu_Hoang_Quan_HQ3,_Nguyen_Van_Linh","Binh_Chanh","32,500 "
"Dong_Ba_-_Bun_Bo_Hue_-_Vinh_Loc","3.3","Bistro","Vietnam","A3/20_Vinh_Loc","Binh_Chanh","32,500 "
"Anh_Tu_-_Quan_De_Tuoi","3.15","Bistro","Vietnam","D20/28A_Vo_Van_Van,_Ap_4,_X._Vinh_Loc_B","Binh_Chanh","212,500 "
"Com_Tam_Diem_2_-_Pham_Hung","3.15","Bistro","Vietnam","C7/23_A2_Pham_Hung,_Xa_Binh_Hung","Binh_Chanh","32,500 "
"Pho_Ha_Thanh_-_Vo_Van_Van","3.15","Bistro","Vietnam","C6/4_Vo_Van_Van,_Ap_3,_X._Vinh_Loc_B","Binh_Chanh","30,000 "
"Bo_Ne_5_Nhat","3.15","Bistro","Vietnam","D1/5_Ap_4","Binh_Chanh","35,000 "
"Thien_Ky_-_Hu_Tiu_Mi_Hoanh_Thanh","3.15","Bistro","Vietnam","A1/17_Quoc_Lo_50,_Xa_Binh_Hung","Binh_Chanh","32,500 "
"Heo_Moi_Nuong_Gia_Cay_-_Vo_Van_Van","3.15","Street_food","Vietnam","C1/4H_Vo_Van_Van,_Ap_3,_Xa_Vinh_Loc_B","Binh_Chanh","27,500 "
"Hien_-_Com_Binh_Dan","3.15","Bistro","Vietnam","55_Duong_So_9A,_KDC_Trung_Son,_Xa_Binh_Hung","Binh_Chanh","32,500 "
"Tu_Map_-_Bun_Bo,_Hu_Tieu_Mi_&_Bo_Kho","3.15","Bistro","Vietnam","C1/18_Pham_Hung,_Xa_Binh_Hung","Binh_Chanh","25,000 "
"Hung_Dong_Cafe","4.55","Cafe","Vietnam","C7/6_Pham_Hung,_Xa_Binh_Hung","Binh_Chanh","42,000 "
"Bun_Bo_Hue_Nam_Long","3.35","Bistro","Vietnam","C7/23A2_Pham_Hung,_Xa_Binh_Hung","Binh_Chanh","33,500 "
"Sushi_Now_-_Sushi_Bento","3.35","Bistro","Japan","C18/29_KDC_Trung_Son,_Duong_So_9,_Xa_Binh_Hung","Binh_Chanh","59,500 "
"Net_Viet_Xua_-_Restaurant_&_Coffee","4.5","Restaurant","Vietnam","A9/3_Huong_Lo_11,_Ap_1,_Xa_Tan_Quy_Tay,","Binh_Chanh","364,500 "
"Minh_Ky_-_Hu_Tieu_Mi_-_Duong_So_10","4.3","Bistro","Vietnam","82_Duong_So_10,_Xa_Binh_Hung","Binh_Chanh","33,000 "
"Unnie_-_Mon_An_Han_Quoc","3.9","Street_food","Korea","110_Duong_So_13,_KDC_Binh_Hung","Binh_Chanh","42,000 "
"Bien_Nho_-_Lau_&_Cac_Mon_Hai_San","3.3","Bistro","Vietnam","1A112_Vinh_Loc","Binh_Chanh","89,500 "
"Tra_Sua_Xien_Que_Hot_&_Cold_-_Binh_Chanh","3.45","Cafe","Vietnam","132_Duong_So_9A,_KDC_Trung_Son","Binh_Chanh","59,000 "
"Noona_-_Tra_Sua_Tran_Chau_Duong_Den","3.25","Cafe","Vietnam","B502_Khu_Dan_Cu_Happy,_Nguyen_Van_Linh,_Xa_Binh_Hung","Binh_Chanh","32,500 "
"Oc_Dem_-_Vo_Van_Van","3.25","Street_food","Vietnam","C6/13B_Vo_Van_Van,_Ap_3,_X._Vinh_Loc_B","Binh_Chanh","40,000 "
"Lau_De_Chinh_Hieu","3.55","Bistro","Vietnam","C16_Duong_So_8,_Khu_Trung_Son,_Binh_Hung","Binh_Chanh","70,000 "
"Quan_Viet_Hoa_-_Hu_Tieu_Xao,_Mi_Xao_Gion_&_Com_Ga","4.55","Bistro","Vietnam","A6/A11_Quoc_Lo_50,_Xa_Binh_Hung","Binh_Chanh","45,000 "
"Bo_Ne_3_Ngon_-_Bo_Quang_Lua_Hong_-_Duong_So_9A","4.1","Bistro","Vietnam","267_Duong_So_9A","Binh_Chanh","45,000 "
"Hoa_Phuong_Quan_-_Banh_Da_Cua_&_Bun","3.25","Bistro","Vietnam","20_Duong_So_7","Binh_Chanh","40,000 "
"Quan_Hai_Cua_-_Nguyen_Huu_Tri","3.6","Bistro","Vietnam","26_Nguyen_Huu_Tri,_TT._Tan_Tuc","Binh_Chanh","115,000 "
"Oc_Xi_Trum_-_Oc_Dong_Gia_30k_-_Shop_Online","3.35","Shop_Online","Vietnam","B24/5_Cay_Cam,_Ap_Vinh_Loc_B","Binh_Chanh","40,000 "
"Lau_De_404","3.85","Bistro","Vietnam","A11/8_Quoc_Lo_50","Binh_Chanh","115,000 "
"Omely_-_Quan_An_Gia_Dinh","3.25","Bistro","Vietnam","104_-_106_-_108_Duong_9A,_KDC_Trung_Son","Binh_Chanh","165,000 "
"Gach_Co_Coffee_-_Thoi_Hoa","3.6","Cafe","Vietnam","E1/43_Thoi_Hoa,_Vinh_Loc_A","Binh_Chanh","45,000 "
"Com_Ga_89_-_Quach_Dieu","4.15","Bistro","Vietnam","C2/5_Quach_Dieu,_X._Vinh_Loc_A","Binh_Chanh","30,000 "
"Quan_An_Toan_Ky","3.6","Bistro","Vietnam","B8/4_Vo_Van_Van","Binh_Chanh","35,000 "
"Tra_Sua_Hong_Kong_Tea_&_Tra_Sua_Tuoi_Tran_Chau_HongKong","4.9","Cafe","Vietnam","28_Duong_So_7,_P._Binh_Hung","Binh_Chanh","40,000 "
"Bui_-_Oc_Lau","3.6","Bistro","Vietnam","99_Duong_So_9A,_Trung_Son","Binh_Chanh","97,500 "
"Quan_Oc_Tai_-_Pham_Hung","3.4","Bistro","Vietnam","C11/9_Pham_Hung,_Xa_Binh_Hung","Binh_Chanh","40,000 "
"Tuy_Huong_-_Com_Van_Phong,_Che_&_Trai_Cay_To","3.35","Bistro","Vietnam","KDC_Him_Lam,_5_Duong_So_4,_Xa_Binh_Hung","Binh_Chanh","47,500 "
"De_39","3.35","Bistro","Vietnam","39_Duong_So_4_Trung_Son","Binh_Chanh","97,500 "
"Hu_Tieu_Le","3.8","Bistro","Vietnam","Tran_Van_Giau,_Xa_Pham_Van_Hai","Binh_Chanh","35,000 "
"Pho_Quynh_-_Quoc_Lo_50","3.35","Bistro","Vietnam","18a/30,_Quoc_Lo_50,_X._Binh_Hung","Binh_Chanh","35,000 "
"Bun_Bo_Hue_O_Phuong_-_Quoc_Lo_50","3.5","Bistro","Vietnam","B2/17_Quoc_Lo_50","Binh_Chanh","40,000 "
"Pho_Thi","3.4","Bistro","Vietnam","1_Duong_So_06,_Khu_Dan_Cu_Trung_Son,_Xa_Binh_Hung","Binh_Chanh","40,000 "
"Quan_Huong_Vi_Bien_-_Hai_San_Tuoi_Song","3.05","Bistro","Vietnam","Duong_So_10,_X._Binh_Hung","Binh_Chanh","115,000 "
"Vu_Kim_-_Hai_San_Binh_Dan","3.2","Bistro","Vietnam","C5/18_Pham_Hung,_Xa_Binh_Hung","Binh_Chanh","65,000 "
"Tien_Phat_-_Hu_Tieu_Nam_Vang_-_Duong_So_9A","3.6","Bistro","Vietnam","120_Duong_So_9A,_KDC_Trung_Son,_Xa_Binh_Hung","Binh_Chanh","65,000 "
"Com_Ga_Hoi_An_-_Pham_Hung","3.5","Bistro","Vietnam","C4/9B_Pham_Hung,_Xa_Binh_Hung","Binh_Chanh","35,000 "
"A_Nhut_-_Oc_&_Hai_San","3.7","Street_food","Vietnam","Pham_Hung","Binh_Chanh","35,000 "
"Hu_Tieu_De_-_Quoc_Lo_50","4","Bistro","Vietnam","E3/72_Quoc_Lo_50","Binh_Chanh","40,000 "
"Quan_An_Gia_Dinh_Thanh_Phat","4.05","Bistro","Vietnam","C11/17_Vo_Van_Van","Binh_Chanh","115,000 "
"Tuan_Ky_-_Com_Ga_Xoi_Mo_&_Sinh_To","3.35","Bistro","Vietnam","267_Duong_9A,_KDC_Trung_Son,_Xa_Binh_Hung","Binh_Chanh","55,000 "
"Oc_Suong","3.2","Bistro","Vietnam","C5/18_Pham_Hung,_Xa_Binh_Hung","Binh_Chanh","65,000 "
"Ha_Ky_-_Hu_Tieu_Xao","4.9","Bistro","Vietnam","A30/10_Quoc_Lo_50","Binh_Chanh","47,500 "
"Heo_Moi_Nuong_-_Pham_Hung","3.6","Street_food","Vietnam","C1A/18_Pham_Hung,_Xa_Binh_Hung","Binh_Chanh","30,000 "
"Xoai_Non_Phuc_Phuc","4.7","Street_food","Vietnam","C9/C10_Pham_Hung,_Xa_Binh_Hung","Binh_Chanh","65,000 "
"Hu_Tiu_Nam_Vang_Ngon","3.6","Bistro","Vietnam","C3/16_Pham_Hung,_P._Binh_Hung","Binh_Chanh","35,000 "
"Bun_Bo_Hue_&_Bun_Thai_-_Quoc_Lo_50","3.6","Bistro","Vietnam","A10/3_Quoc_Lo_50","Binh_Chanh","30,000 "
"Bit_Tet_Song_Nhi","4","Street_food","Vietnam","B2/59_Tan_Liem,_Xa_Phong_Phu","Binh_Chanh","35,000 "
"Com_Ga_Tam_Ky","3.5","Bistro","Vietnam","F2/16_Quach_Dieu,_X._Vinh_Loc_A","Binh_Chanh","32,500 "
"Henry_&_Peter_-_Ga_Ran_&_An_Vat","5","Street_food","Vietnam","C1/5_Quach_Dieu,_Xa_Vinh_Loc_A","Binh_Chanh","32,500 "
"Com_Ga_Xoi_Mo_Vi_Anh_-_Duong_So_10","5","Bistro","Vietnam","2E_Duong_So_10","Binh_Chanh","30,000 "
"Co_Mai_-_Bun_Nuoc_Leo_Soc_Trang","3.35","Bistro","Vietnam","35_Duong_So_6","Binh_Chanh","35,000 "
"Oc_Trung_-_Pham_Hung","3.35","Bistro","Vietnam","C9/10_Pham_Hung,_Xa_Binh_Hung","Binh_Chanh","105,000 "
"Quan_Bia_Goc_Viet_-_Duong_So_9","3.9","Bistro","Vietnam","66_Duong_So_9","Binh_Chanh","165,000 "
"Vi_Anh_2_-_Com_Ga_Xoi_Mo_&_Hu_Tieu_Nam_Vang","3.2","Bistro","Vietnam","34_Duong_So_10,_KDC_Binh_Hung","Binh_Chanh","37,500 "
"Ngoc_Lan_-_Chao_&_Goi_Vit","4.1","Bistro","Vietnam","C3/12_Pham_Hung","Binh_Chanh","50,000 "
"Pho_Ngoc_-_Quach_Dieu","3.3","Bistro","Vietnam","F12/2_Quach_Dieu","Binh_Chanh","35,000 "
"Quan_Nhau_Binh_Dan_404","3.95","Bistro","Vietnam","110_Duong_So_9A","Binh_Chanh","115,000 "
"Hong_Phat_2_-_Hu_Tieu_Nam_Vang","3.15","Bistro","Vietnam","C3/26_Pham_Hung,_Xa_Binh_Hung","Binh_Chanh","35,000 "
"Pho_Bac_Hai_Ha_Noi_-_Pham_Hung","3.15","Bistro","Vietnam","C3/17_Pham_Hung,_Xa_Binh_Hung","Binh_Chanh","32,500 "
"Thanh_-_Pho_&_Bun_Bo_Hue","3.15","Bistro","Vietnam","A12/12_Quoc_Lo_50","Binh_Chanh","32,500 "
"Ngan_-_Pho_Bo_Kho","3.15","Bistro","Vietnam","A15/11_Quoc_Lo_50","Binh_Chanh","32,500 "
"Ga_Ta_Hoi_An_-_Kinh_Duong_Vuong","3.15","Bistro","Vietnam","53/8A_An_Phu_Tay,_X._Hung_Long","Binh_Chanh","65,000 "
"Thuan_Ky_Mi_Gia","4.3","Bistro","China","26_Duong_So_18,_Khu_Dan_Cu_Him_Lam","Binh_Chanh","41,000 "
"Bun_Cha_Ca_Nha_Trang_Bien_Nho","3.65","Bistro","Vietnam","A10/27Y_Duong_So_1,_KDC_Binh_Hung,_Xa_Binh_Hung","Binh_Chanh","41,000 "
"Pho_Nguyen_-_Quoc_Lo_50","3.35","Bistro","Vietnam","17/24_Quoc_Lo_50","Binh_Chanh","38,500 "
"7_Days_Coffee","3.85","Cafe","Vietnam","30_Duong_So_5,_Xa_Binh_Hung","Binh_Chanh","55,000 "
"Ngoc_Dung_-_Bun,_Hu_Tieu_&_Hoanh_Thanh","3.6","Bistro","Vietnam","C3/16A_Pham_Hung,_Xa_Binh_Hung","Binh_Chanh","37,500 "
"Com_Chay_Cha_Bong_Tien_Vua_-_Shop_Online","3.6","Shop_Online","Vietnam","KDC_Binh_Hung,_6_Duong_So_9","Binh_Chanh","40,000 "
"Quan_Com_Viet_Hoa","4.3","Bistro","Vietnam","A6/A11_Quoc_Lo_50,_Xa._Binh_Hung","Binh_Chanh","47,500 "
"Way_Coffee_-_Duong_So_5","3.35","Cafe","Vietnam","30_Duong_So_5","Binh_Chanh","47,500 "
"Banh_Trang_Gao_Que_Toi_-_Shop_Online","3.4","Shop_Online","Vietnam","D12_Le_Thi_Dung,_Xa_Vinh_Loc_A","Binh_Chanh","37,500 "
"Ga_Ran_Chicken_Plus_-_Pham_Hung","5","Bistro","Vietnam","C4_-_36_Pham_Hung,_X._Binh_Hung","Binh_Chanh","127,000 "
"Vinh_Loc_Quan_-_Lau_&_Dac_San_Dong_Que","3.9","Bistro","Vietnam","52_Huong_Lo_80,_Xa_Vinh_Loc_A","Binh_Chanh","292,500 "
"Mi_Cay,_Tra_Sua_&_An_Vat","3.9","Bistro","Vietnam","216B/7_An_Phu_Tay","Binh_Chanh","42,500 "
"Ga_Ta_Tam_Ky_-_Pham_Hung","3.9","Bistro","Vietnam","C3/4_Pham_Hung,_Xa_Binh_Hung","Binh_Chanh","142,500 "
"Quan_An_24h_-_Bun_Cha,_Bun_Bo_&_Giai_Khat","3.2","Bistro","Vietnam","79_Duong_So_8","Binh_Chanh","92,500 "
"An_Vat_Dong_Gia_35K_-_Shop_Online","4.55","Shop_Online","Vietnam","E1_Quach_Dieu,_Xa_Vinh_Loc_A","Binh_Chanh","67,500 "
"Shu_Shi_-_Mi_Cay_7_Cap_Do","2.9","Bistro","Vietnam","1A60/1_Tran_Van_Giau,_Xa_Pham_Van_Hai","Binh_Chanh","40,000 "
"Lau_Bo_80_-_Vo_Van_Van","3.3","Bistro","Vietnam","C7/28_Vo_Van_Van,_Ap_3,_Xa_Vinh_Loc_B","Binh_Chanh","117,500 "
"Rau_Cau_Dua_-_Vo_Van_Van","3.95","Street_food","Vietnam","B8/15_Vo_Van_Van,_Xa_Vinh_Loc_B","Binh_Chanh","35,000 "
"Bun_Bo_Van_Thinh_-_Tan_Tuc","3.15","Bistro","Vietnam","C12/18A_Tan_Tuc,_TT._Tan_Tuc","Binh_Chanh","42,500 "
"Banh_Pia_Soc_Trang","3.15","Bakery","Vietnam","A11/11A_Quoc_Lo_50","Binh_Chanh","52,500 "
"Phuc_Ky_-_Com_Ga,_Hu_Tieu_&_Nui","3.25","Bistro","Vietnam","C4/34_Pham_Hung,_P._Binh_Hung","Binh_Chanh","46,000 "
"Juicci_-_Nuoc_Ep_Trai_Cay_-_Satra_Pham_Hung","4.15","Cafe","Vietnam","Satra_Pham_Hung,_C6/27_Pham_Hung,_Xa_Binh_Hung","Binh_Chanh","43,000 "
"Hoa_Dang_Tuu_Phung","3.4","Bistro","Vietnam","C19/11A_Duong_So_9A,_Xa_Binh_Hung","Binh_Chanh","169,000 "
"Dac_San_Da_Lat_-_Shop_Online_-_Pham_Hung","3.3","Shop_Online","Vietnam","C4/14D2_Pham_Hung,_P._Binh_Hung","Binh_Chanh","43,000 "
"Bep_Anh_Hao_-_Com_Nieu","3.7","Bistro","Vietnam","Block_A_EhomeS_Duong_So_1,_Xa_Binh_Hung","Binh_Chanh","79,500 "
"The_Coffee_House_-_Saigon_Mia","4.5","Cafe","Vietnam","Tang_Tret,_Khu_Can_Ho_Cao_Cap_Saigon_Mia,_Duong_So_9A,_Xa_Binh_Hung","Binh_Chanh","52,000 "
"Nha_Hang_112_-_Oc_&_Hai_San","4.15","Restaurant","Vietnam","112_Duong_9A,_Khu_Dan_Cu_Trung_Son","Binh_Chanh","195,000 "
"Kimchi_Su_Hao","3.6","Bistro","Korea","Duong_C5/22","Binh_Chanh","60,000 "
"Xuan_Hoa_Quan_-_Bo_Kho,_Banh_Canh_&_Bun_Rieu","4.75","Bistro","Vietnam","B005_Ehomes,_Nguyen_Van_Linh,_Xa_Binh_Hung","Binh_Chanh","40,000 "
"Phuc_-_Bo_To_Cu_Chi","3.2","Bistro","Vietnam","31_Duong_So_4","Binh_Chanh","130,000 "
"Banh_Xeo_&_Banh_Khot_-_Chu_Tam_Mien_Tay","4.6","Bistro","Vietnam","31_Duong_So_10,_Xa_Phong_Phu","Binh_Chanh","50,000 "
"Pho_Phuong_Bac","3.5","Bistro","Vietnam","53_Duong_So_5,_X._Binh_Hung","Binh_Chanh","42,500 "
"Quan_Oc_165","4","Bistro","Vietnam","1908_Vinh_Loc,_Xa_Vinh_Loc_B","Binh_Chanh","70,000 "
"Oc_Trang","3.45","Bistro","Vietnam","C14/24_Pham_Hung,_Xa_Binh_Hung","Binh_Chanh","70,000 "
"Comeat_-_Com_Van_Phong_-_Shop_Online","3.45","Shop_Online","Vietnam","11_Duong_So_4A,_Xa_Binh_Hung","Binh_Chanh","40,000 "
"Bun_Bo_&_Bun_Moc_Bon_Rom","3.95","Bistro","Vietnam","299_Duong_So_9A,_Xa_Binh_Hung","Binh_Chanh","70,000 "
"Phuong_Vy_-_Bun_Dau_Mam_Tom_&_Chan_Ga_Sa_Tac","3.15","Street_food","Vietnam","Huong_Lo_11,_Xa_Hung_Long","Binh_Chanh","80,000 "
"Pho_Thao_-_Pham_Hung","5","Bistro","Vietnam","6_Pham_Hung,_Xa_Binh_Hung","Binh_Chanh","81,000 "
"Panda_Bento_-_Com_Van_Phong_-_Shop_Online","3.4","Shop_Online","Japan","C1/30_A1_Pham_Hung,_Xa_Binh_Chanh","Binh_Chanh","48,500 "
"Funny_Beef_-_Spaghetti_&_Beefsteak_-_Trung_Son","3.9","Bistro","Vietnam","120_Duong_So_9A,_KDC_Trung_Son,_Ap_4B,_X._Binh_Hung","Binh_Chanh","174,500 "
"Lien_Huong_-_Ga_Ac_&_Oc_Heo_Tiem_Thuoc_Bac_-_Quoc_Lo_50","4.6","Bistro","Vietnam","B17/15_Quoc_Lo_50","Binh_Chanh","52,500 "
"Tam_Moc","4.2","Vegetarian","Vietnam","418_Tan_Tuc,_TT._Tan_Tuc","Binh_Chanh","50,000 "
"Pho_Ga_O_Kia_-_Duong_So_9A","3.15","Bistro","Vietnam","97_Duong_So_9A,_KDC_Trung_Son,_P._Binh_Hung","Binh_Chanh","55,000 "
"BBQ_Ngoi_-_Mon_Nuong","3.25","Bistro","Vietnam","168_Duong_So_1,_KDC_Trung_Son","Binh_Chanh","109,000 "
"Mai_La_-_Hai_San_Tuoi_Song","3.8","Bistro","Vietnam","Lien_Ap_1_-_2_-_3,_Xa_Vinh_Loc_A","Binh_Chanh","184,500 "
"Domino's_Pizza_-_Nguyen_Thi_Tu","3.95","Bistro","International","D1/10D_Nguyen_Thi_Tu,_Xa_Vinh_Loc_B","Binh_Chanh","124,000 "
"Lau_De_404_-_Duong_so_9","3.3","Bistro","Vietnam","110A_Duong_So_9A,_Khu_Dan_Cu_Trung_Son,_P._Binh_Hung","Binh_Chanh","135,000 "
"Quan_Rau_Rung_Trung_Son_-_Banh_Xeo","3.35","Bistro","Vietnam","13_Duong_So_8,_Khu_Dan_Cu_Trung_Son","Binh_Chanh","55,000 "
"Quan_Chi_Dau_-_Duong_So_8","3.95","Bistro","Vietnam","113_Duong_So_8,_KDC_Trung_Son","Binh_Chanh","325,000 "
"Hu_Tieu_Nam_Vang_Nhan_Quan_-_Quoc_Lo_50","3.25","Bistro","Vietnam","A23/9_Quoc_Lo_50,_X._Binh_Hung","Binh_Chanh","61,000 "
"McDonalds_Satra_Pham_Hung","3.5","Restaurant","International","Tang_Tret,_TTTM_Satra_Pham_Hung,_C6/27_Pham_Hung,_Xa_Binh_Hung","Binh_Chanh","125,000 "
"Ok_3_Con_De_-_Lau_De_Chinh_Hieu_-_Pham_Hung","3","Bistro","Vietnam","C3/9_Pham_Hung","Binh_Chanh","100,000 "
"Kim_Son_Quan","4.25","Restaurant","Vietnam","C3/13_Pham_Hung,_Xa_Binh_Hung","Binh_Chanh","190,000 "
"Xien_Khe_Quan_-_Duong_So_9A","3.35","Bistro","Vietnam","199_Duong_So_9A","Binh_Chanh","125,000 "
"Sao_Bien_-_Bo_To_Xuan_Dao","3.45","Bistro","Vietnam","2_Duong_So_9A,_P._Binh_Hung","Binh_Chanh","175,000 "
"Cari_&_Lau_Tieu","4.25","Restaurant","Vietnam","9/4_Pham_Hung,_Xa_Binh_Hung","Binh_Chanh","75,000 "
"Ngoc_-_Quan_An_Binh_Dan","3.9","Bistro","Vietnam","9_Duong_So_8,_P._Binh_Hung","Binh_Chanh","150,000 "
"Pho_Hoang_1_-_Pham_Hung","3.2","Bistro","Vietnam","C7/1_Pham_Hung,_Xa_Binh_Hung","Binh_Chanh","80,000 "
"Moc_Quan_-_Nuong_Ngoi","3.75","Bistro","Vietnam","C19/11A_Duong_So_9A,_Xa_Binh_Hung","Binh_Chanh","175,000 "
"Vit_Quay_Hung_Trang","4.3","Bistro","Vietnam","Quoc_Lo_50","Binh_Chanh","125,000 "
"Phuong_Quang_Nam_-_Goi_Ga_&_Vit","3.4","Bistro","Vietnam","B11/12_Ap_2,_Vo_Van_Van","Binh_Chanh","155,000 "
"Bangkok_Kitchen_-_Khu_Dan_Cu_Gia_Hoa","4","Bistro","Thailand","E4B/11_Khu_Dan_Cu_Gia_Hoa,_Xa_Phong_Phu","Binh_Chanh","125,000 "
"Funny_Beer_Food","4.3","Bistro","Vietnam","1/27_Dinh_Duc_Thien","Binh_Chanh","125,000 "
"Kho_Ga_La_Chanh_-_Pham_Hung","3.65","Street_food","Vietnam","C8/13B2_Pham_Hung,_Xa_Binh_Hung","Binh_Chanh","100,000 "
"Bo_To_Tay_Ninh_Nam_Sanh_-_Quoc_Lo_1A","4.3","Bistro","Vietnam","13/11_Quoc_Lo_1A,_Xa_Tan_Quy_Tay","Binh_Chanh","125,000 "
"Vo_Phuc_Trung_Nghia_-_Shop_Online","3.9","Shop_Online","Vietnam","E3/5_Thoi_Hoa,_Xa_Vinh_Loc_A","Binh_Chanh","225,000 "
"Young_Buffet_BBQ_&_Beer","3.9","Restaurant","Vietnam","C8/1C_Pham_Hung,_Xa_Binh_Hung","Binh_Chanh","125,000 "
"Chan_Ga_Sa_Tac_Xi_Trum_-_Quoc_Lo_50","3.9","Shop_Online","Vietnam","A13/399S_Quoc_Lo_50,_Xa_Phong_Phu","Binh_Chanh","75,000 "
"Binh_Dien_Quan_-_Nha_Hang_San_Vuon","2.9","Restaurant","Vietnam","E8/32_Nguyen_Huu_Tri,_KP._5,_Thi_Tran_Tan_Tuc","Binh_Chanh","150,000 "
"An_Vat_Be_Ngoc","2.9","Street_food","Vietnam","C3/32_Ap_3,_P._Vinh_Loc_B","Binh_Chanh","125,000 "
"Teemo_BBQ","3.95","Bistro","Vietnam","Quoc_Lo_50","Binh_Chanh","125,000 "
"Lan_-_Banh_Trai_Cay_Dau_Xanh","3.95","Bakery","Vietnam","C2/33FX_Pham_Hung,_X._Binh_Hung_(Gan_Mieu_Nam_Me_Ngu_Hanh)","Binh_Chanh","175,000 "
"Ga_Ta_Mien_Trung_-_Vo_Van_Van","3.15","Bistro","Vietnam","D10/25_Vo_Van_Van,_Ap_4,_To_10,_X._Vinh_Loc_B","Binh_Chanh","135,000 "
"Nuoc_Ep_Lanh_Yes!_-_Shop_Online","4","Shop_Online","Vietnam","A1_Chung_Cu_The_Mansion,_Nguyen_Van_Linh","Binh_Chanh","58,500 "
"Hai_Lam_Quan_-_Quan_Gia_Dinh","3.4","Bistro","Vietnam","279_Duong_So_9A,_Xa_Binh_Hung","Binh_Chanh","155,000 "
"Me_Tieu_Bao_-_Chan_Ga_Rut_Xuong_-_Shop_Online","4","Shop_Online","Vietnam","Cong_Mp4_Mizuki_Park,_Xa_Binh_Hung","Binh_Chanh","77,500 "
"Banh_Bong_Lan_Trung_Muoi_336","3.9","Bakery","Vietnam","C11/6_Pham_Hung,_Xa_Binh_Hung_(Dau_Duong_Pham_Hung_-_Nguyen_Van_Linh)","Binh_Chanh","80,000 "
"Chan_Ga_Cay_Yuyu_-_Shop_Online","3.35","Shop_Online","China","C2/12M_Pham_Hung,_Xa_Binh_Hung","Binh_Chanh","60,000 "
"Banh_Nha_Tui_-_Shop_Online","3.45","Shop_Online","Vietnam","C3/23_Pham_Hung,_Xa_Binh_Hung","Binh_Chanh","87,500 "
"Que_Huong_Quan_-_Duong_So_10","3.05","Bistro","Vietnam","32_Duong_So_10,_KDC_Binh_Hung","Binh_Chanh","110,000 "
"Nha_Go_Quan_-_Am_Thuc_Viet","4.75","Restaurant","Vietnam","70_Duong_So_5,_KDC_Conic,_Xa_Phong_Phu","Binh_Chanh","185,000 "
"Am_Thuc_Chay_Buu_Niem","3.95","Vegetarian","Vietnam","95_Duong_So_8,_KDC_Trung_Son,_Xa_Binh_Hung","Binh_Chanh","80,000 "
"Quan_Viet_De_-_Chuyen_Cac_Mon_De","4.3","Bistro","Vietnam","C6/20_Pham_Hung,_Xa_Binh_Hung","Binh_Chanh","112,500 "
"Am_Thuc_Ngan_Sang_-_Quan_An_Gia_Dinh","3.9","Bistro","Vietnam","A11/5B_Nguyen_Cuu_Phu,_Xa_Tan_Kien","Binh_Chanh","787,500 "
"Nha_Hang_Karaoke_Cay_Su","3.9","Restaurant","Vietnam","C12B/13B_Ap_3B,_Xa_Vinh_Loc_B","Binh_Chanh","164,000 "
"De_Nui_3Q_-_Trung_Son","3.7","Bistro","Vietnam","Duong_So_9A,_Khu_Trung_Son","Binh_Chanh","150,000 "
"Hai_Quang_-_Lau_Ca_Thac_Lac","4.15","Bistro","Vietnam","X12_Duong_So_5A","Binh_Chanh","140,000 "
"Lau_De_De_Nhat","3.35","Bistro","Vietnam","135_Duong_So_10","Binh_Chanh","190,000 "
"Lau_De_Phong_Luu_-_Quach_Dieu","3.55","Bistro","Vietnam","C2/5_Quach_Dieu","Binh_Chanh","140,000 "
"Starbucks_Coffee_-_Saigon_Mia","3.65","Cafe","USA","L1-04,_Tang_1_Saigon_Mia,_Duong_So_9A,_Xa_Binh_Hung","Binh_Chanh","115,000 "
"Banh_Trang_Sa_Te_Long_An_-_Shop_Online","4.1","Shop_Online","Vietnam","Nguyen_Van_Linh","Binh_Chanh","115,000 "
"Banh_Bong_Lan_Trung_Muoi_Pho_Mai_-_Shop_Online","3.45","Shop_Online","Vietnam","A26/14F_Binh_Hung","Binh_Chanh","105,000 "
"Buffet_Chay_Nhu_Tam","3.7","Restaurant","Vietnam","B17/18A_Quoc_Lo_50,_Xa_Binh_Hung","Binh_Chanh","120,000 "
"Banh_Crepe_Sau_Rieng_&_Sau_Rieng_Sach_-_Shop_Online","4.1","Shop_Online","Vietnam","Duong_So_10,_KDC_Phong_Phu","Binh_Chanh","110,000 "
"Am_Thuc_Dat_Phuong_Nam","4.55","Restaurant","Vietnam","E8/9E_Nguyen_Huu_Tri,_TT._Tan_Tuc","Binh_Chanh","545,000 "
"Yen_Sao_Simon_-_Shop_Online","4.1","Shop_Online","Vietnam","C9/7B7_Ap_4,_Xa_Binh_Hung","Binh_Chanh","2,800,000 "
"Khu_Am_Thuc_Sinh_Thai_Binh_Xuyen","3.65","Restaurant","Vietnam","C3/18_Pham_Hung","Binh_Chanh","215,000 "
"GoGi_House_-_Quan_Nuong_Han_Quoc_-_Satra_Pham_Hung","3.4","Restaurant","Korea","Tang_1_&_2_TTTM_Satra,_C6/27_Pham_Hung,_Xa_Binh_Hung","Binh_Chanh","225,000 "
"Ran_Bien_7_-_Duong_So_9A","3.55","Restaurant","Vietnam","Duong_So_9A,_Xa_Binh_Hung","Binh_Chanh","300,000 "
"Thanh_Long_-_Lang_Nuong_&_Cau_Ca_Giai_Tri","3.6","Restaurant","Vietnam","Quoc_Lo_50,_B8/251,_Ap_2,_Xa_Phong_Phu","Binh_Chanh","215,000 "
"Mu_Ka_Tha_-_Hai_San_Tuoi_Song_&_BBQ","4.15","Bistro","Vietnam","C7_Pham_Hung,_Xa_Binh_Hung","Binh_Chanh","200,000 "
"Takashi_Sushi","4.1","Restaurant","Japan","B-021_Block_B,_Khu_Ehome_S_Nam_Sai_Gon,_Xa_Binh_Hung","Binh_Chanh","300,000 "
"Lau_Bo_Chu_Tam","5","Bistro","Vietnam","E1/16A_Quoc_Lo_50,_Xa_Phong_Phu","Binh_Chanh","150,000 "
"Vuon_Xoai_-_Mon_An_Dong_Que","3.7","Bistro","Vietnam","A35/11B_Dai_Lo_Nguyen_Van_Linh,_Xa_Binh_Hung","Binh_Chanh","300,000 "
"Pizza_Hut_-_Saigon_Mia","3.8","Restaurant","USA","Khu_Can_Ho_Cao_Cap_Saigon_Mia,_Duong_So_9A,_Xa_Binh_Hung","Binh_Chanh","150,000 "
"Lau_De_Hai_Tiem","3.35","Bistro","Vietnam","B11/2A_Doan_Nguyen_Tuan","Binh_Chanh","200,000 "
"Ca_Nuong_Mac_Khen_Tay_Bac","3.2","Street_food","Vietnam","Duong_C7C","Binh_Chanh","120,000 "
"Quan_89_-_Lau_&_Cac_Mon_Nhau_Binh_Dan","4.1","Bistro","Vietnam","B13/5E_Tran_Dai_Nghia","Binh_Chanh","110,000 "
"Bo_To_Cu_Chi_-_Trung_Son","3.8","Bistro","Vietnam","29_-_31_KDC_Trung_Son","Binh_Chanh","160,000 "
"Dac_San_Lang_Son_-_Ga_Nuong_&_Vit_Nuong_La_Mac_Mat","2.9","Bistro","Vietnam","C4/19_Pham_Hung,_P._Binh_Hung","Binh_Chanh","200,000 "
"Am_Thuc_Minh_Thu_-_Hai_San_&_De","2.9","Bistro","Vietnam","A29/27A1_Quoc_Lo_50","Binh_Chanh","300,000 "
"Lau_Bo_Ly_Koi_3","3.15","Bistro","Vietnam","C8/24_Vo_Van_Van,_Ap_3,_Xa_Vinh_Loc_B","Binh_Chanh","200,000 "
"Quan_Cay_Bang_-_Quan_An_Gia_Dinh","3.15","Bistro","Vietnam","Ap_4,_Xa_Da_Phuoc","Binh_Chanh","200,000 "
"Dookki_Viet_Nam_-_Lau_&_Buffet_Tokpokki_-_Satra_Pham_Hung","4.05","Restaurant","Korea","Tang_3_TTTM_Satra,_C6/27_Pham_Hung,_Xa_Binh_Hung","Binh_Chanh","144,500 "
"A_Ty_-_Ga_Nuong_Muoi_Ot","3.9","Street_food","Vietnam","C3/9_Pham_Hung,_Xa_Binh_Hung","Binh_Chanh","140,000 "
"Quan_Lau_De_Phu_Quy","3","Bistro","Vietnam","47_Duong_So_4","Binh_Chanh","240,000 "
"Minh_Chau_-_Ga_Ta_Nuong_Lu","3.9","Street_food","Vietnam","1/2A_Pham_Hung,_P._4","Binh_Chanh","225,000 "
"Sup_Bao_Ngu_Ong_Xa_-_KDC_Phong_Phu_4","3.95","Street_food","Vietnam","24_Duong_So_15D,_KDC_Phong_Phu_4,_Xa_Phong_Phu","Binh_Chanh","274,000 "
"SaLa_-_Coffee_&_Tra_Sua_-_Duong_T4","3.7","Cafe","Vietnam","E2/56F_An_Phu_Tay,_X._Hung_Long","Binh_Chanh","450,000 "
"Cha_Bong_Viet_-_Shop_Online","3.15","Shop_Online","Vietnam","D8/50_Nu_Dan_Cong,_Xa_Vinh_Loc_A","Binh_Chanh","300,000 "
"Ca_Kho,_Tom_Kho_&_Banh_Phong_Tom_-_Dac_San_Bac_Lieu_-_Shop_Online","4","Shop_Online","Vietnam","C44_Pham_Hung,_Xa_Binh_Hung","Binh_Chanh","900,000 "
